id,GCM,FICE,FSNOW,PRS,RFR,OCM,OCS,TCT,VCM,PPQ,SIAE
0,0.0,4.71550758873,3.47172966967,6.82449523351,0.471320524974,1.0,-1.0,-1.0,1.09848203345,0.724696973942,1.17354620239
1,0.0,5.86347872477,2.08829235592,5.48524761968,0.414583822457,0.0,0.0,1.0,0.80534985155,0.718480359146,1.76998045813
2,2.0,11.5470202816,5.53206548227,6.25014852587,0.619606762166,-1.0,-1.0,-1.0,1.07780931378,0.656599894503,2.15439551847
3,3.0,9.56344666357,4.87988350551,6.03030171323,0.617311464636,1.0,1.0,-1.0,0.947577657217,0.817850612345,2.32628750621
4,3.0,6.742203852,3.05296926565,5.46402422866,0.681266149948,0.0,0.0,1.0,0.988240628043,0.86750501153,1.68330923617
5,0.0,11.8845503117,3.02426116735,5.2050238512,0.275568583681,-1.0,-1.0,1.0,1.30955594541,0.646087581,1.81804758624
6,2.0,8.23380460843,5.04054935184,5.00968239187,0.68524377117,-1.0,0.0,0.0,1.22909163527,0.597332307904,2.06739542922
7,2.0,5.2302227807,3.32574465368,6.9376913484,0.361660391574,-1.0,1.0,-1.0,0.87226448716,0.549594452483,1.43077397583
8,0.0,7.40377895025,3.64440385126,6.8432902404,0.37103755106,-1.0,-1.0,-1.0,0.94940925745,0.485513892016,2.017424454
9,1.0,8.57944335177,4.86549482409,5.70909324227,0.733194967752,-1.0,0.0,1.0,1.28385774609,0.780364715655,2.6824325175
10,3.0,7.13184984893,3.39220026856,5.13217896645,0.708750871834,-1.0,0.0,0.0,1.05229721111,0.806066780697,3.15375753618
11,1.0,4.16583398417,2.44457030307,6.44850371077,0.270273210939,0.0,0.0,0.0,0.857416219746,0.810221991804,2.56391987088
12,3.0,9.27265059607,4.3681369559,6.29452382385,0.698571392415,1.0,-1.0,0.0,0.893202355697,0.457676269737,1.70183106031
13,2.0,5.52994000264,2.6947251446,5.54797580532,0.633911200311,-1.0,-1.0,-1.0,1.09248399464,0.720583882516,1.71113717417
14,0.0,8.38032630602,5.81256143995,6.34612888789,0.708301973925,0.0,1.0,1.0,1.24248546495,0.784630725692,2.60698908824
15,0.0,4.41529561104,4.95031902803,6.66900888646,0.706099518836,1.0,1.0,-1.0,0.85401062494,0.775186858228,1.35548970421
16,2.0,7.05764780837,3.65218306629,5.59410702802,0.46309165341,0.0,-1.0,-1.0,1.01494893321,0.759152617526,4.24221749496
17,1.0,4.51317583211,5.77440260998,6.74040348456,0.560003941915,0.0,-1.0,0.0,1.071448652,0.696608335467,1.1967230227
18,0.0,8.13470774949,3.05984600108,5.50309579756,0.724206078567,0.0,-1.0,1.0,1.05843021007,0.583073078371,1.81430030508
19,1.0,11.2432463612,4.32023563019,5.31637138607,0.677998060331,1.0,-1.0,-1.0,0.765840841502,0.474464767481,1.30317801453
20,1.0,9.90098693028,5.01585344354,5.19141977768,0.461539130701,-1.0,-1.0,-1.0,1.20190101862,0.328445308819,2.26535527649
21,0.0,9.57753840233,4.05803665164,5.11303810304,0.726403382828,1.0,-1.0,-1.0,0.760833643547,0.296131069079,1.6481989349
22,1.0,7.67514022825,3.29639347933,5.28622612214,0.613768087805,1.0,-1.0,-1.0,1.19859314691,0.621571392985,1.52246319765
23,1.0,6.42212129553,2.41001359707,5.06972556736,0.421620473499,1.0,0.0,-1.0,1.17305794681,0.655932134571,1.19964884374
24,3.0,10.8374540421,4.91060648948,5.21576229333,0.281400003803,-1.0,1.0,-1.0,0.970121233796,0.354719467568,1.33659533838
25,3.0,8.92072474146,4.71309639403,5.82572690868,0.333966329637,1.0,-1.0,1.0,1.10913016326,0.358692110411,1.51957148833
26,0.0,4.30319640647,2.55147554647,6.52778029229,0.545474395928,-1.0,0.0,-1.0,1.31334370069,0.529359028076,2.09360031828
27,3.0,8.70680365922,2.77165679524,6.8964074243,0.570399681076,0.0,1.0,1.0,0.984623501579,0.348933612438,1.50451780209
28,0.0,11.7993383487,4.08019628747,6.68706745672,0.52026434831,0.0,0.0,0.0,0.835399705956,0.426446235361,1.64561969024
29,2.0,4.87165147279,3.92648057866,6.22650976805,0.586460624279,0.0,0.0,-1.0,1.02690028945,0.387276197012,1.53343487793
30,2.0,6.08824070134,2.65873066218,5.62864219431,0.65982516535,0.0,0.0,0.0,0.831653412508,0.617274406437,1.26297278139
31,1.0,11.9533151869,5.37494691547,5.38857220774,0.59208920393,0.0,0.0,-1.0,0.681430459603,0.653469669565,1.28123112375
32,3.0,10.1317438503,5.80869024293,6.58966761264,0.578529077799,1.0,1.0,-1.0,1.12364256084,0.681782997212,1.12346820388
33,0.0,11.4867364215,4.37500534671,5.61800719522,0.472680806722,-1.0,1.0,0.0,1.13776408529,0.5790961057,3.0334678529
34,2.0,7.89541293439,2.17809214204,5.80957099223,0.736113800849,-1.0,0.0,-1.0,0.887012841228,0.279258721106,2.21628342074
35,2.0,6.38834771588,4.19975949802,6.18012819966,0.502904375949,1.0,0.0,1.0,0.859775675578,0.596219869351,3.4101517901
36,1.0,11.0091292667,4.81299221734,5.60369921936,0.341742487802,-1.0,1.0,-1.0,0.953789133036,0.371594973244,2.63534848398
37,2.0,10.9609209778,4.21031465857,6.29730328252,0.538083456485,-1.0,-1.0,-1.0,1.21632157793,0.39945304224,2.08185090331
38,2.0,4.0622394701,5.18350709245,6.05999354187,0.405279672813,0.0,0.0,1.0,0.735792088177,0.574384674115,1.13591909696
39,2.0,8.55476138455,4.76669919346,6.85115208617,0.349377007696,1.0,1.0,-1.0,0.75967943521,0.473412805172,2.18991986903
40,2.0,8.07843520164,3.54922557932,6.90763701558,0.425510885341,-1.0,1.0,-1.0,0.79905423772,0.796467550524,1.76019339329
41,0.0,6.59262736248,3.29732510326,6.23907948785,0.52096517254,0.0,0.0,-1.0,1.07643996245,0.819996532628,1.77960541767
42,1.0,8.79995536337,2.45484947522,6.64465963773,0.717682305491,0.0,0.0,0.0,1.07442794805,0.440523348482,1.83414530863
43,2.0,6.6837171772,5.03023147343,6.69926878454,0.404116811158,1.0,0.0,0.0,1.19038204208,0.900430291113,3.63042917005
44,3.0,7.32953190609,5.95791457527,5.69884549644,0.585931876235,0.0,0.0,-1.0,1.18241797944,0.484038633419,4.06233305012
45,0.0,9.43397299568,5.90403076344,5.53927541464,0.56169119875,-1.0,-1.0,1.0,1.09105620163,0.859310685804,2.83748567244
46,3.0,6.46864489419,5.16902751886,5.8390417254,0.684126247426,-1.0,0.0,-1.0,0.966152493808,0.695718986807,2.24703621706
47,0.0,8.09334741264,4.9332116951,5.87616127804,0.541085837192,0.0,-1.0,1.0,0.917651631364,0.354241993694,1.32392995818
48,0.0,6.79841923233,3.01522609876,5.27727125186,0.260585581109,-1.0,-1.0,-1.0,1.02933683287,0.291730031935,3.57664380467
49,2.0,8.43622152988,2.87546835346,5.12462770909,0.297546554161,1.0,0.0,1.0,0.825530264032,0.447793929577,1.07927598366
50,2.0,6.32616415102,5.75104171958,6.28242508754,0.376762197492,-1.0,1.0,1.0,1.21171340381,0.306661983198,1.98361668429
51,1.0,9.31228187276,4.83372413606,5.59978088794,0.679930183663,-1.0,1.0,0.0,0.795973633573,0.423828482657,2.17403136721
52,0.0,5.58970765306,3.69103656021,5.7789169136,0.477595807442,1.0,0.0,1.0,0.979516994744,0.657050379493,3.07483723293
53,3.0,10.0798848969,3.9973154455,5.48219813102,0.640926584101,0.0,1.0,1.0,0.801238223058,0.815683963746,1.61519072857
54,0.0,7.8576116893,3.13898314783,6.28410905062,0.674059159608,0.0,0.0,0.0,1.23792944974,0.303111659176,1.24668211647
55,1.0,8.8202068195,4.47775154364,5.65602306887,0.450770110284,-1.0,1.0,-1.0,0.882298669718,0.525856237842,2.36193375424
56,2.0,11.4460053993,3.1788371812,6.07127571916,0.588584720288,-1.0,0.0,1.0,1.09418396263,0.818997975569,2.78636548956
57,2.0,8.09597136228,3.28742301195,5.44724858158,0.428804609137,-1.0,1.0,0.0,0.944008540065,0.571669514364,2.72716080061
58,3.0,10.5384670532,6.09458590701,5.43050015506,0.668882598119,-1.0,1.0,-1.0,0.939997662427,0.639010427384,1.51345755004
59,0.0,7.22788280068,4.98360211881,6.97576710346,0.644197000827,1.0,1.0,0.0,0.975174525625,0.675508728199,2.73941017805
60,1.0,4.66236600686,5.12625320774,5.40348694807,0.41972807724,0.0,0.0,-1.0,1.05570935458,0.490380451643,2.57337418512
61,2.0,10.0515734633,5.10085218474,6.61723906355,0.556069542934,-1.0,-1.0,-1.0,0.90016953365,0.914274066811,1.21552395531
62,3.0,8.83177450035,4.6261189126,5.64755193851,0.338759536217,0.0,1.0,-1.0,1.01000536223,0.705650986133,1.09777309255
63,0.0,6.15170020649,3.74850470083,6.50338760117,0.51243568185,0.0,-1.0,-1.0,1.13463928874,0.663306182693,1.95299365794
64,3.0,7.2342339223,4.22604507395,6.02222003753,0.565396529809,-1.0,-1.0,-1.0,1.06007339441,0.770595189485,1.16636333591
65,2.0,8.95048941203,3.84862393923,5.88241450858,0.71129450982,1.0,-1.0,-1.0,0.90644138154,0.747516667813,3.42576202563
66,1.0,5.46794463564,4.68937796908,5.3679393741,0.330262997833,1.0,0.0,0.0,0.74803366382,0.581023615845,1.08827445667
67,1.0,11.1901751291,4.54602849266,6.24025058444,0.496879666173,1.0,0.0,0.0,1.0109139211,0.446455376767,1.54416401682
68,1.0,6.52700738024,4.98246084283,5.09394734836,0.55686923491,1.0,0.0,0.0,1.18406833211,0.59224886493,2.02628255442
69,0.0,6.90568333923,2.70419557494,5.70631217947,0.606719084293,-1.0,0.0,0.0,1.25904372378,0.413400224419,1.6059479703
70,3.0,11.1464529874,5.19058257268,6.78819695868,0.381703841413,0.0,0.0,0.0,1.30099886522,0.742741901278,3.48994875983
71,1.0,6.97410752197,2.31200563902,5.67427601759,0.447696431024,0.0,0.0,-1.0,0.925205255161,0.761524946387,2.90057433385
72,2.0,11.1369068971,5.62429054035,6.68235788222,0.606351763571,1.0,-1.0,1.0,1.08442004301,0.562035050779,2.98878017053
73,1.0,4.55060038978,4.28469346029,6.63173305785,0.762898872635,1.0,0.0,0.0,1.08655996749,0.744708657132,3.09906481709
74,0.0,9.91051505819,3.6052852575,5.64100907666,0.456156835841,0.0,0.0,-1.0,0.981803301744,0.800134232685,2.70388770147
75,2.0,8.85239691782,3.34952275879,5.70278342109,0.550375664448,1.0,1.0,1.0,0.729319325366,0.495874937384,1.74908713933
76,3.0,7.82860946061,3.60658211861,6.56818203211,0.462115624124,-1.0,1.0,1.0,0.741899611369,0.686317329663,3.20168483712
77,2.0,8.78206617617,4.66736590478,6.88405362614,0.612538293423,1.0,0.0,-1.0,0.786734955044,0.569887547905,1.59167183659
78,3.0,8.15101094872,2.68003868545,5.91131494553,0.412509492407,1.0,0.0,-1.0,0.754971839852,0.433842970335,1.96206229259
79,0.0,5.50110136607,5.71904335687,6.67683762206,0.302643709694,-1.0,1.0,-1.0,1.29328710312,0.500364738293,2.64000602513
80,2.0,10.1008975604,3.7103094535,5.85198632252,0.69987402183,1.0,-1.0,-1.0,0.836245551398,0.804957314171,1.25777851201
81,1.0,8.73288028369,4.73804522414,6.15821225881,0.746919420712,0.0,-1.0,-1.0,0.752362033398,0.92551231798,1.28365414166
82,1.0,11.3121371825,5.56146213306,5.76848713601,0.504551869905,0.0,1.0,1.0,1.16021100299,0.600956161053,1.47719844913
83,3.0,7.15908788742,3.22403041144,5.97713325331,0.358090195556,0.0,1.0,0.0,0.897436757433,0.920481181057,2.37230763187
84,3.0,6.50858119985,5.96413406008,5.47750347449,0.582125112616,0.0,0.0,1.0,1.13631184632,0.361728636901,1.96764206608
85,1.0,10.2497373707,3.41202471207,6.2575067816,0.555428245093,1.0,-1.0,1.0,0.716447219501,0.491394752967,3.13829704466
86,1.0,6.18668583061,4.56226325088,5.91552210923,0.510656631504,1.0,-1.0,0.0,0.744095086499,0.674015378001,1.04344638994
87,2.0,9.95476855521,6.0120156665,5.74808481359,0.284638425041,0.0,-1.0,1.0,0.920913146015,0.751884191037,1.48072203672
88,0.0,4.83430928196,5.61763493496,5.02244459879,0.566323811605,-1.0,0.0,-1.0,0.884381015355,0.755520698745,1.26892072846
89,1.0,9.73166467414,4.3967850197,6.32970021462,0.525228151679,0.0,0.0,1.0,1.29155049437,0.397579383026,1.36959973978
90,2.0,6.7628465569,4.69485587207,5.15811789764,0.658186284484,-1.0,1.0,-1.0,1.30410108375,0.389410932437,3.43493354204
91,0.0,7.60778474679,3.8159317106,5.0296453699,0.271490644601,1.0,1.0,0.0,1.02539154189,0.597092249275,1.29874051271
92,2.0,9.33688833429,3.19139135622,5.78556856331,0.635965956375,-1.0,-1.0,1.0,1.21736538555,0.643250485591,1.62982660491
93,3.0,5.56808210563,5.66077000343,6.96756565716,0.463841395917,-1.0,-1.0,1.0,0.920389334106,0.847494419104,1.09199809303
94,2.0,10.6518300086,4.00695491867,6.63810504703,0.32429338118,1.0,1.0,0.0,0.782472138775,0.445688440683,2.00676695442
95,3.0,9.71385660408,4.50309226114,5.45265493522,0.48265236346,0.0,0.0,1.0,1.02821956257,0.357368977271,3.34556505494
96,1.0,4.18673468684,2.11014342985,6.91246475913,0.417451713159,1.0,0.0,1.0,0.781406526836,0.702672529373,2.79840547588
97,2.0,10.9367479619,2.42782495671,5.26636525409,0.631591618895,0.0,-1.0,-1.0,1.04344098115,0.50639003464,3.16541258629
98,3.0,4.75410072253,3.55838689561,5.23771354948,0.445714331827,-1.0,1.0,-1.0,1.04944228087,0.518482337698,2.30574942052
99,1.0,5.15697608848,2.26586343736,6.79867748319,0.252716864508,0.0,0.0,1.0,1.22522189312,0.807295734238,3.05466127065
100,1.0,8.20412202815,4.47021254268,6.45700695476,0.308324991123,-1.0,1.0,-1.0,1.07022161296,0.504885364022,1.37339314322
101,3.0,7.70692614373,4.26102770933,5.08957444125,0.386583375572,0.0,-1.0,1.0,1.16242077045,0.77308590563,3.23856981906
102,2.0,5.63564682864,3.44881118413,6.55919773351,0.715227931581,1.0,1.0,1.0,1.00022961628,0.620423778272,2.93514798206
103,1.0,9.21009851573,3.61864658293,5.73330809621,0.62759538959,0.0,-1.0,1.0,0.85145256403,0.553620388727,1.69182974613
104,3.0,11.5615868571,4.8200401264,6.37458386187,0.491233904783,0.0,-1.0,1.0,0.919144218685,0.945130017235,3.82926347298
105,3.0,7.59040396195,4.37695885611,5.79867526684,0.595228349324,1.0,-1.0,1.0,1.12129016959,0.76566510565,1.14511790881
106,1.0,5.27766258802,6.07987376773,6.5725757176,0.451372535578,-1.0,-1.0,-1.0,1.30710335581,0.463455000251,2.47300407753
107,0.0,10.3477190451,2.8064106571,6.56565243534,0.488270155518,-1.0,-1.0,0.0,0.834072314827,0.821783505057,3.98698682188
108,1.0,8.75020307643,5.36944752823,6.70498906796,0.580609825706,0.0,-1.0,-1.0,0.679870664758,0.638440373973,2.93977504476
109,1.0,9.01884151515,5.11864554276,5.35389456055,0.492456279316,-1.0,1.0,-1.0,1.14211310947,0.386322275297,1.88366916791
110,1.0,11.3805715748,4.39330977476,6.20594695903,0.45700604202,1.0,1.0,0.0,1.20758911898,0.469726120163,1.17001591008
111,3.0,7.76066921056,3.63680725032,5.66938849936,0.498552341303,1.0,1.0,-1.0,1.02466805004,0.679683219454,1.79776381573
112,2.0,7.87156651396,2.94516534482,5.97582164276,0.315125056129,0.0,1.0,1.0,1.11713137503,0.4543961156,2.36617419426
113,3.0,10.741515345,3.80801194421,6.34133932887,0.327145029371,-1.0,0.0,1.0,0.841451464312,0.255839635906,1.41711831987
114,0.0,10.0171576197,3.18258689244,5.54204240238,0.543886425982,-1.0,0.0,0.0,1.20998760635,0.616064872545,3.60637353785
115,2.0,10.9082090809,3.73738664854,5.60401156488,0.310826089822,-1.0,-1.0,-1.0,0.840662935807,0.431261954414,1.76619212578
116,0.0,6.00833363448,4.38260845151,5.69145738233,0.725097233662,1.0,0.0,-1.0,1.04719095572,0.55581383224,3.73833708163
117,2.0,8.29155608207,5.66977268282,5.35016778118,0.377750919121,-1.0,1.0,0.0,1.00165438177,0.935151783351,2.4017627505
118,3.0,8.26516324161,2.62740781888,6.08490084907,0.557597035799,-1.0,1.0,0.0,0.992238412283,0.644818573367,1.020547873
119,1.0,9.13833158891,2.77573798928,6.28978329598,0.701247271925,1.0,1.0,1.0,0.926033196763,0.437447012922,1.44065604692
120,0.0,10.5247926055,3.37156658277,5.96798226391,0.730498090496,0.0,-1.0,-1.0,0.93075358536,0.404491601694,1.00651954959
121,3.0,9.88579764344,3.66554909807,5.39290902368,0.762481284509,0.0,1.0,-1.0,1.07681054078,0.253729281184,2.43524323497
122,2.0,8.0348643809,2.47708776374,6.64310375639,0.542651084925,1.0,-1.0,1.0,1.06120030111,0.520164191989,1.65883316813
123,3.0,6.94849208977,2.63255384936,6.1010590472,0.632744772592,1.0,0.0,1.0,0.990557398144,0.547108900387,3.56773283794
124,2.0,4.76285352933,3.07761698876,5.14282946971,0.484063097382,1.0,1.0,0.0,1.27034454182,0.476124308825,2.45001435843
125,3.0,7.56157657889,3.90574254704,6.2671796586,0.489882490699,1.0,1.0,0.0,0.934149295379,0.488489501924,1.52713576706
126,0.0,11.2723714457,5.6067492522,6.4246889834,0.505364746457,-1.0,0.0,1.0,1.09569868194,0.409582128402,1.82195042185
127,0.0,7.01322412793,4.00331217896,5.46140661911,0.65640727058,0.0,0.0,-1.0,1.0549993346,0.846218809212,2.88086582649
128,3.0,6.60946281238,5.74884798174,5.99835826619,0.5845711219,1.0,1.0,0.0,1.12524393781,0.561364275415,2.14473506459
129,3.0,4.90274908034,5.86520766684,5.71475478729,0.411422233482,1.0,0.0,1.0,1.0787694709,0.371151492792,1.49277663555
130,1.0,8.34664427989,5.4618481937,6.58373410639,0.616529206543,1.0,-1.0,1.0,0.876226404134,0.740799724262,1.93108842761
131,1.0,4.10545397125,3.9205678245,5.81803060498,0.290265632491,0.0,-1.0,-1.0,0.693689761168,0.672106852559,1.42666006
132,1.0,8.44822901355,5.34267886063,6.6620686095,0.329201943935,-1.0,1.0,0.0,1.25400232741,0.506181227075,1.43825261484
133,3.0,4.78727630086,3.31649217351,5.53538985606,0.563163500006,0.0,0.0,0.0,0.850258285878,0.644412675154,5.14340428637
134,0.0,7.92714549882,4.91898510586,5.98747157163,0.402901670244,0.0,1.0,1.0,1.28542683541,0.340880642752,2.45624348411
135,0.0,6.27206278136,4.24425686703,6.27067737935,0.499812654243,-1.0,-1.0,1.0,0.815189099755,0.624053347824,3.5473740574
136,0.0,10.6438128533,3.15426707702,6.95491918591,0.579742765412,0.0,-1.0,1.0,0.996842110176,0.352121780914,1.29152548086
137,3.0,7.77498423619,4.92699035721,6.34845914851,0.547456186035,1.0,0.0,1.0,1.18705812911,0.466298306945,1.63743207914
138,2.0,11.1072742266,4.96458186137,5.16740683965,0.568048533813,-1.0,1.0,1.0,0.936983939908,0.552929564066,2.2542834062
139,2.0,8.00118606798,5.50573249657,5.31228630616,0.61091176252,-1.0,0.0,0.0,1.17411829599,0.670130996647,2.70899840948
140,0.0,4.2445467045,4.02517002708,6.94772608097,0.721085783526,0.0,0.0,1.0,0.81615037676,0.709379324954,4.60538483631
141,0.0,11.027785047,3.79125822607,5.61453792763,0.406578100519,0.0,0.0,1.0,1.24880925862,0.414391604049,1.48527412073
142,1.0,5.9331100849,4.44369084012,5.13021491733,0.490516181678,1.0,-1.0,0.0,0.832702724453,0.750344441552,4.1705931812
143,1.0,7.95158754014,2.79552094855,6.48022511709,0.454593737286,-1.0,1.0,-1.0,1.32507697631,0.791330441096,1.39488695443
144,0.0,7.28095334786,3.87469128262,5.24804819916,0.45741012168,-1.0,1.0,0.0,1.15540076951,0.612956363453,1.86560425336
145,1.0,11.8404456741,6.06181977981,5.14841849783,0.528028336902,0.0,-1.0,-1.0,0.965618346097,0.49366913056,2.03039142667
146,2.0,9.65646857922,4.54094603418,6.65471338407,0.572629498603,0.0,1.0,-1.0,1.16101108021,0.790230913731,1.28546666894
147,1.0,9.6205459466,4.14993819463,5.11123323191,0.50150028105,0.0,1.0,1.0,1.18005299813,0.701054034673,2.81285412927
148,1.0,11.7130351205,5.05467282019,6.98352673381,0.422963534587,1.0,-1.0,-1.0,1.11365577745,0.513993059508,2.60257273189
149,1.0,4.40283058043,5.13372281005,5.61191945091,0.272477175188,1.0,-1.0,0.0,0.695562381311,0.733782321396,2.62521656299
150,0.0,8.57606926727,3.45252661305,6.04182674149,0.514642120202,1.0,-1.0,0.0,1.16665793077,0.904046174727,1.89078247629
151,2.0,10.7305085608,4.41249680789,5.96273755858,0.669915711051,1.0,1.0,1.0,0.808412355639,0.502691225222,4.49619543122
152,3.0,9.664994938,4.15924604906,6.99978577977,0.471011652797,-1.0,1.0,1.0,0.899174534942,0.717073253934,3.9058669691
153,2.0,10.7558224644,5.76851893737,6.16992748801,0.667111708585,-1.0,-1.0,1.0,0.699194888972,0.680577691006,1.1116264738
154,0.0,11.6894120514,3.27257165012,6.23568214952,0.443769035336,1.0,1.0,0.0,0.725590007984,0.880935810186,1.34503956483
155,2.0,9.77269210291,5.07354253365,6.87462098589,0.449206900254,1.0,0.0,-1.0,0.86381942612,0.498060174657,3.77575325976
156,2.0,6.93787490934,4.17209304578,6.92477678712,0.688832916496,0.0,1.0,1.0,1.06317888711,0.787811598944,3.12334280546
157,2.0,9.76334979678,4.10367022502,5.19987014211,0.506283935372,-1.0,-1.0,1.0,1.09776401102,0.781015195347,1.45881885273
158,3.0,8.18473375191,3.21119348485,6.46032192447,0.67109286691,1.0,-1.0,0.0,1.16968694713,0.629671874471,1.20734875989
159,2.0,7.28761209627,3.49397723916,5.26951040227,0.34648299235,0.0,0.0,-1.0,0.859025914776,0.786760783315,2.05884640656
160,3.0,5.00498162947,5.38852471618,6.11237336275,0.6340583729,0.0,1.0,-1.0,1.34069950874,0.831519180474,1.9866702698
161,0.0,11.7190556982,4.06647125257,6.09340639914,0.378684641873,-1.0,-1.0,0.0,0.954791530439,0.610251301311,1.91133327121
162,2.0,6.43505554446,3.84022642744,6.9416537344,0.541978356549,1.0,1.0,0.0,0.941472639223,0.429349170995,2.11456528591
163,2.0,9.84773143774,3.43099266735,5.22957522971,0.655611076183,1.0,-1.0,-1.0,1.0934003888,0.345505087393,2.18344959416
164,0.0,8.22838096468,3.03415013949,5.52531412326,0.473406174804,0.0,-1.0,-1.0,0.802413333764,0.56333410681,4.88660152606
165,3.0,9.06436319144,3.06631503632,5.25659742797,0.533556964426,0.0,-1.0,0.0,1.27702276655,0.590010474135,1.49956154806
166,3.0,11.6598228068,3.50336231927,6.92957299422,0.551289229782,-1.0,1.0,-1.0,0.861749516834,0.45267342361,1.53779298044
167,2.0,4.31992833464,4.16777649715,5.71938797723,0.629381062845,1.0,-1.0,1.0,1.1753897863,0.407790963767,2.88805399349
168,1.0,8.60615366008,2.13626581327,6.90067505208,0.598977002156,0.0,-1.0,1.0,1.0745579833,0.517839675711,6.38822367961
169,3.0,5.67962963875,4.70600399883,6.00343545877,0.325268708375,0.0,1.0,1.0,1.27224110252,0.69472127646,3.29501114941
170,0.0,4.67476559126,2.33840152163,5.02747860542,0.431085488051,-1.0,-1.0,0.0,0.653126875713,0.706565021338,1.26103440721
171,1.0,9.25610147521,5.48419703839,5.08794943147,0.738696422923,1.0,1.0,0.0,1.10266141633,0.523610107215,3.28218124699
172,3.0,6.19083947934,4.08318731654,6.08868590096,0.478975221819,-1.0,1.0,1.0,1.28797986535,0.40572970129,1.78411695153
173,1.0,4.96508461101,4.34283050793,5.36152054018,0.355249877241,1.0,1.0,1.0,1.17796842075,0.513279734773,1.33325330593
174,0.0,9.50169771695,4.45577007826,5.06714927013,0.481559871301,-1.0,0.0,-1.0,0.704472033188,0.584706364015,2.46229755332
175,2.0,10.4555146992,3.76203043034,5.29329427054,0.374037148653,-1.0,0.0,-1.0,0.811082523505,0.536889930388,4.71259122982
176,3.0,6.03026259407,3.93225158796,5.28171330382,0.351900490135,0.0,-1.0,0.0,0.942218126642,0.713450863413,1.91826273719
177,0.0,5.55611131842,2.6073171194,6.52349534507,0.679315341593,1.0,-1.0,0.0,0.909091405972,0.347553199383,2.16782371688
178,1.0,8.05433412945,4.35796374489,5.38056971955,0.573186733501,-1.0,-1.0,1.0,1.1574697873,0.32660218262,2.33462124331
179,2.0,7.02083272608,4.43402402501,5.52016692083,0.437003553317,0.0,1.0,-1.0,1.22267787523,0.548039036717,1.585150238
180,2.0,9.4609150681,2.72442245094,5.59152581213,0.400696672339,0.0,-1.0,-1.0,0.973347952975,0.417057174751,3.08167968998
181,1.0,7.62704044002,2.86617479369,5.14412272295,0.26668783909,-1.0,0.0,0.0,0.78566932089,0.576471051342,1.75161586254
182,2.0,4.0320324835,3.24977224092,5.72927723681,0.300656874068,-1.0,1.0,0.0,0.827746756445,0.640629669104,2.06281255717
183,0.0,4.73751362732,3.12273703234,5.68126749498,0.495429215702,0.0,0.0,1.0,0.945501563655,0.930639637482,1.94092385767
184,3.0,8.5335956394,5.06157495095,6.31167925574,0.521898433342,1.0,-1.0,0.0,1.12955808973,0.580313106773,1.15745745879
185,2.0,9.99189102012,3.91471722938,5.46839223725,0.661846336369,1.0,-1.0,1.0,0.779188163493,0.578023521247,1.71981213342
186,1.0,4.91830850765,4.78426111909,6.43502174508,0.52957791912,1.0,1.0,-1.0,0.911543505091,0.432406703358,5.06716932401
187,1.0,4.26615251367,3.14823926709,6.40819401917,0.39770226039,1.0,0.0,0.0,0.93178785885,0.635103491039,2.24487074688
188,2.0,10.4982738652,4.59390431182,5.07435675708,0.318852348616,1.0,1.0,0.0,1.19211042785,0.659839652288,2.84200956406
189,2.0,5.57700657795,4.42631310026,5.57737743943,0.282838634677,-1.0,1.0,0.0,0.969038031663,0.630829490016,2.44290474019
190,1.0,5.36942368307,4.79599734358,6.51312460837,0.495907427209,1.0,0.0,1.0,0.886201911806,0.393764538271,1.4463420529
191,2.0,7.81511596048,3.42621919036,6.9772308236,0.549122128845,0.0,0.0,1.0,1.20661505911,0.522765439733,2.32024031819
192,3.0,10.1166991906,3.57663256292,5.99217978374,0.386962321713,-1.0,0.0,-1.0,0.775357830145,0.845288120783,1.18769358476
193,2.0,9.03593336244,2.98419628173,6.77511036288,0.522476091557,0.0,-1.0,0.0,1.09617419556,0.564331327649,2.5294822176
194,0.0,9.97481454487,4.03663590053,5.8463436204,0.602979852677,1.0,1.0,-1.0,1.04172416276,0.825144198353,1.02743442689
195,2.0,8.17104949205,4.41582592301,6.53615217521,0.305404608592,0.0,1.0,0.0,1.20470795738,0.667467466241,2.40778978348
196,3.0,8.25456671194,4.28984748723,6.15207357762,0.748580436995,-1.0,0.0,0.0,1.08872284449,0.732486380336,1.27646082408
197,3.0,8.98182216039,3.58769457711,6.87897180029,0.5319115993,1.0,-1.0,0.0,1.26070943676,0.73756637989,1.21614210357
198,0.0,7.10240746587,4.49049595952,6.46907994377,0.638801707022,0.0,-1.0,0.0,0.994669895629,0.857346433401,1.77727131414
199,0.0,6.07501835356,5.16471013413,5.31171773094,0.602408423462,-1.0,0.0,1.0,0.889302624113,0.626285613755,1.66887843397
200,2.0,10.1954917424,2.5014240402,5.39886271569,0.239227651872,1.0,0.0,0.0,0.961273250138,0.871634317457,2.12501061283
201,1.0,6.65515499136,2.23056443059,6.3570302183,0.466818145898,-1.0,-1.0,1.0,0.844902088946,0.676856737095,2.08538869132
202,2.0,9.29889486964,3.79542371189,6.12278889701,0.523529802851,-1.0,0.0,0.0,0.974689439436,0.641253418723,1.233389368
203,1.0,10.5662037211,3.98801624289,5.33686496478,0.313239070213,1.0,1.0,1.0,1.03992553182,0.673187811041,1.22341004385
204,1.0,6.90114504197,4.18456271637,5.6610580528,0.257334795565,1.0,0.0,0.0,1.31886751093,0.629480360527,1.94952287027
205,1.0,8.75794792334,4.80980595525,5.21932785041,0.511604013953,0.0,0.0,-1.0,0.767367252263,0.375847220799,1.12892530638
206,3.0,9.12380773499,2.4937227272,6.7230484492,0.600012646378,-1.0,1.0,-1.0,1.00793921,0.619588275259,1.66638784798
207,3.0,9.73964971339,5.02460836152,5.30673958555,0.408722114805,0.0,-1.0,-1.0,0.856555286756,0.8087610151,1.62378023907
208,2.0,5.91064105154,4.46097342733,5.37745047971,0.675663751485,1.0,-1.0,-1.0,0.984033273724,0.70335678027,1.07411934013
209,3.0,5.84408872593,5.63454070854,5.78084894146,0.647784556648,-1.0,-1.0,1.0,1.02636731529,0.835814373416,1.85912507988
210,2.0,7.98539281361,4.85488566497,5.08356631767,0.650090768585,-1.0,-1.0,-1.0,0.883493182248,0.602141446227,1.92645182047
211,1.0,10.3948554896,5.23714561008,6.19565338365,0.348052968018,1.0,0.0,-1.0,1.23446827156,0.322892768298,2.37849044287
212,1.0,6.49386292339,4.88316885294,6.0153667244,0.720122496154,-1.0,1.0,0.0,1.22411115389,0.409940942515,1.73582124184
213,0.0,7.7304663655,4.94275812949,6.62146512826,0.69251366903,0.0,1.0,1.0,1.14011646828,0.635974618791,2.97618443491
214,1.0,10.8285357433,4.42901047464,6.8234712687,0.301450722272,-1.0,0.0,-1.0,1.03591065457,0.43872084283,1.51720657119
215,1.0,6.35344215764,3.87710507863,5.88412459226,0.280164547066,1.0,-1.0,1.0,1.10675482171,0.38137321839,1.51099468866
216,3.0,11.0798558773,2.92308291445,6.93594576925,0.317441212866,-1.0,-1.0,-1.0,1.21915285097,0.6049666959,1.06881908494
217,2.0,7.20460623816,4.58139848311,6.85473826513,0.753729154095,-1.0,-1.0,1.0,1.05790763187,0.84249612304,6.18529025678
218,1.0,6.22096380219,5.08436128986,6.12607837612,0.368660258115,-1.0,0.0,1.0,1.02326728184,0.460326416696,1.99717261181
219,0.0,7.55028213651,3.37571026053,6.69106086757,0.624228107526,0.0,1.0,0.0,1.07290281128,0.602885828519,1.38138013101
220,2.0,4.87987606899,2.56972434205,5.51040446418,0.548815159978,1.0,1.0,-1.0,0.913546814274,0.508811376904,2.53680015868
221,1.0,6.71538120924,4.09656941086,5.427997648,0.396338217749,1.0,1.0,1.0,1.14912029272,0.337466235783,1.44405055616
222,1.0,4.35688412873,2.98035612598,5.05028550194,0.713249271885,0.0,0.0,0.0,1.22126516859,0.767411054548,2.87095289677
223,0.0,8.49242396237,4.31033214012,6.86173800823,0.50866076383,0.0,-1.0,1.0,0.807438543073,0.690533502496,1.69954497484
224,3.0,4.14216160081,5.5800338869,5.76499344395,0.389373436876,0.0,-1.0,-1.0,0.721130252557,0.550925696594,1.36162929765
225,3.0,6.10386198239,5.83032301795,6.76487718234,0.55365376817,1.0,0.0,1.0,0.99320910833,0.652478571488,1.06868095812
226,2.0,10.1539020438,4.11121736235,6.40243200233,0.427573374297,-1.0,0.0,-1.0,1.05221847089,0.545756482564,3.72354221578
227,2.0,10.6699976414,2.2934998145,5.06336885819,0.430086720458,-1.0,-1.0,0.0,0.940529154135,0.575108356197,1.79316836657
228,1.0,5.78123954262,3.59314634304,6.70298508564,0.518305019695,1.0,0.0,0.0,0.843159993206,0.637633429075,4.83339179043
229,1.0,9.58919303696,3.67581364718,6.86576772538,0.497652821839,1.0,1.0,1.0,0.946679549947,0.615380733427,1.39199517435
230,2.0,8.6229668956,4.67613711421,6.31826515823,0.672107906338,0.0,0.0,1.0,1.06187790359,0.471297877026,1.10652656689
231,0.0,7.64582035409,5.25993349561,6.21082389567,0.336664434005,-1.0,1.0,0.0,1.11423472566,0.318232109534,3.15182721369
232,0.0,5.31723406344,5.41591060809,5.63343373607,0.739409402169,0.0,1.0,0.0,0.867407604561,0.783650023249,1.57269300763
233,2.0,7.84753419109,5.15070986423,5.92491278559,0.331235854819,0.0,-1.0,1.0,1.03710460198,0.594247125791,2.82575561177
234,0.0,9.92908270269,5.69419400819,5.41117733564,0.513381193329,-1.0,1.0,1.0,0.78981620966,0.876962241528,2.3420348924
235,3.0,5.18462845806,3.9096131895,5.43798639211,0.459624036184,-1.0,0.0,1.0,0.90235810787,0.265544789052,1.05630554073
236,0.0,6.5866324483,2.35411782816,5.95914610176,0.530180255363,-1.0,0.0,1.0,1.10538668854,0.684223473397,2.13658135319
237,1.0,6.66966362016,4.60314516186,5.37554589906,0.59925149429,0.0,-1.0,-1.0,0.658325439783,0.67847078287,1.23467477154
238,0.0,11.9613403277,5.643687054,6.06255366782,0.370021002465,-1.0,1.0,0.0,0.943720941602,0.649835137802,1.52929572738
239,1.0,4.48134098606,4.05312210669,6.81748843912,0.658814912372,1.0,1.0,0.0,1.15213093502,0.771925307335,1.97307313687
240,2.0,8.51828863987,4.73009624892,6.06721252972,0.514872887206,1.0,-1.0,1.0,1.1041679831,0.399269956557,2.18553822969
241,3.0,4.64203789414,4.49265063168,6.4433243371,0.379981483088,-1.0,1.0,0.0,1.09013844652,0.411981754007,1.3968227716
242,0.0,10.8854977593,3.71742611974,6.76869648424,0.486992704448,-1.0,-1.0,-1.0,1.04578676109,0.524834347474,2.68466042276
243,2.0,7.47867759683,5.31337172605,6.57996736845,0.292893653222,-1.0,0.0,-1.0,1.25275256461,0.449262022687,2.91035084902
244,3.0,11.9963439809,3.80062609739,6.73050864058,0.616031770247,0.0,0.0,1.0,0.991048731354,0.725118948304,3.22928520616
245,3.0,5.65400048483,3.89614949406,6.75505572219,0.480795641643,-1.0,0.0,-1.0,0.84848201609,0.559480693732,3.69482189641
246,2.0,11.3937456512,2.99827032651,5.41550250459,0.646757239504,1.0,-1.0,1.0,0.846539502395,0.478486207394,2.1978628944
247,2.0,9.86608772434,3.39838077633,6.27961833835,0.296494034438,1.0,1.0,-1.0,1.26289937137,0.421330749691,4.13526626488
248,1.0,5.26154288203,5.27989597673,5.22203948873,0.5747783402,0.0,-1.0,-1.0,0.955508150688,0.515192696152,1.21087924378
249,3.0,7.71800239635,2.54275708233,6.24680773151,0.306664860252,1.0,1.0,-1.0,1.20001034123,0.668893399466,1.35106540949
250,1.0,6.4535230983,4.51442386337,6.30020360489,0.479671703704,1.0,1.0,0.0,1.2103488582,0.319933685975,1.59864140713
251,1.0,7.35626819329,2.88446604197,6.10470523564,0.235867158228,0.0,-1.0,-1.0,1.11847556126,0.54305086067,1.69495020741
252,2.0,5.79011566673,5.30255654347,5.83426723754,0.734917757446,0.0,0.0,-1.0,1.11648509238,0.66804360431,2.67106493834
253,2.0,8.0242676764,4.01341593322,5.77465920549,0.56463383518,-1.0,1.0,1.0,0.654695425663,0.625506854918,2.19972852906
254,2.0,5.68764942066,4.86745803743,6.32312065906,0.73243834174,-1.0,1.0,0.0,0.676288927155,0.454173262334,1.68626047293
255,0.0,9.47423302015,2.89570469079,5.8735015893,0.526103054111,-1.0,0.0,1.0,0.979959671137,0.722082586244,2.27690715415
256,0.0,9.53215276491,2.83743147216,6.55581943858,0.452818148422,-1.0,-1.0,-1.0,1.15152132699,0.692514836419,1.36490505595
257,1.0,5.2035892288,4.52248326307,5.35615572453,0.577573694795,-1.0,1.0,0.0,0.980751236519,0.366860132713,3.17809631652
258,1.0,10.2054586989,4.31369065755,5.79132148158,0.32380521653,0.0,-1.0,0.0,1.04921308297,0.273495240061,1.23855655498
259,2.0,5.61724929235,4.04479893233,5.05418795996,0.371621874459,1.0,-1.0,0.0,0.998492522595,0.586733468741,1.2488303628
260,1.0,11.3272565775,5.0941842895,5.89255350603,0.597919532781,0.0,1.0,0.0,0.968308844985,0.491724941125,1.82639633545
261,3.0,4.85416933354,5.45252038701,5.90236899577,0.374782368479,0.0,1.0,-1.0,0.970890521385,0.539957095737,2.50891050834
262,3.0,7.78723500553,2.90887694184,5.44027353693,0.639998349402,0.0,0.0,0.0,1.19332767306,0.508118157846,1.55367725196
263,2.0,6.11551082774,3.31076554292,5.30228762847,0.437826687225,0.0,0.0,1.0,1.044879641,0.918049635843,1.45385693973
264,1.0,11.3506587355,4.77272857548,6.91910592674,0.697149754137,1.0,1.0,0.0,1.11934637481,0.912687655263,2.43137280912
265,3.0,7.46977609147,4.54967444485,5.04112281953,0.662891093512,1.0,-1.0,1.0,1.13095940896,0.487107698927,1.25390537383
266,3.0,10.9555095584,4.60926167772,6.80659931804,0.628607859718,1.0,0.0,0.0,1.05128024406,0.710724934521,3.00229906551
267,2.0,6.75902040254,3.7709690306,5.4594685156,0.328438940059,1.0,0.0,-1.0,0.783549080557,0.801158993683,2.22087391974
268,1.0,11.6187976049,2.95786909068,6.73370718806,0.559520298103,1.0,0.0,1.0,0.890467958757,0.542065786927,1.32983520978
269,0.0,7.9617513257,5.21262993852,5.50529028372,0.507533567789,-1.0,1.0,0.0,0.901336203977,0.711661859389,2.07885228354
270,3.0,5.38552318441,2.79297475349,6.94908587404,0.36516769713,0.0,0.0,0.0,1.1847096204,0.605994538885,1.94286993495
271,0.0,5.88063532782,3.75799956434,5.93604679838,0.27839354743,0.0,-1.0,-1.0,1.33378811028,0.572643885406,4.4425090794
272,3.0,9.17020174487,5.88987382201,5.00006855366,0.587212067071,1.0,1.0,0.0,0.686309567928,0.654543859992,1.70818501245
273,1.0,9.81574913788,4.23906357834,6.58419745724,0.478463982945,0.0,-1.0,1.0,0.934536432151,0.651696628633,1.80885458218
274,0.0,11.1699794995,5.00503023736,6.90824182517,0.569744703951,0.0,-1.0,1.0,0.896665396674,0.704456446466,1.84688040677
275,0.0,7.58215060196,5.52713083402,6.48745259414,0.702881913363,1.0,0.0,-1.0,1.14613853142,0.798369517678,1.91514684236
276,3.0,9.68231245708,2.46585259228,5.49825404678,0.416489437175,0.0,0.0,-1.0,1.11208429684,0.618751382497,2.58866512556
277,3.0,9.55216632861,2.7564351023,5.5288233779,0.458700738188,-1.0,-1.0,1.0,1.00735085803,0.632503100063,1.63365967883
278,1.0,5.74331652234,3.10654833875,5.93194680976,0.474586504077,0.0,-1.0,1.0,0.709575828475,0.617713372603,2.10143709581
279,0.0,6.87173239718,4.02701328354,5.03545560596,0.652807696857,-1.0,1.0,-1.0,1.2564359133,0.68257071309,1.43331601165
280,0.0,9.37050057627,6.04304358717,5.49542221952,0.340081739282,1.0,0.0,1.0,1.24516034624,0.53362726583,1.3662586545
281,1.0,8.72133796149,2.81308714033,5.40491040776,0.467415410949,-1.0,0.0,1.0,0.820966392543,0.283505670303,2.31604188031
282,2.0,8.59304543872,2.06450092306,6.65881006305,0.332252023337,1.0,-1.0,1.0,1.1899410317,0.678635258183,8.12943432881
283,3.0,5.3928934335,4.17935502227,6.650988812,0.438716776066,0.0,-1.0,0.0,1.0803630427,0.472312066525,1.79302395611
284,1.0,11.0362972251,4.04250650688,6.38305933265,0.432846041065,0.0,-1.0,1.0,1.12646391165,0.665542776761,1.17744424971
285,2.0,9.99904816431,2.7335233596,6.22393011124,0.418611992123,-1.0,1.0,-1.0,1.03831235755,0.728499320889,2.20479242043
286,1.0,8.93682881706,3.50668162664,6.16367188765,0.764987886679,0.0,-1.0,0.0,1.2802478909,0.697678607259,1.14934823199
287,1.0,8.32105645748,3.86185074018,5.33495343273,0.242975840336,1.0,1.0,0.0,1.23983634149,0.736188276103,3.11278245682
288,2.0,6.69986495317,5.23124260261,6.45210074066,0.345777363332,1.0,0.0,0.0,0.723863785581,0.588661021998,4.09107560697
289,1.0,11.2328644573,4.60038601256,6.18668461112,0.485014891058,-1.0,0.0,1.0,1.0368916074,0.39244897455,1.04724543657
290,1.0,7.9148254795,3.77426231185,5.9358277378,0.285889633628,-1.0,0.0,-1.0,1.26642918318,0.480584952419,1.78622970956
291,0.0,6.80664520878,4.84385872623,5.32886902568,0.35969070819,0.0,1.0,0.0,1.06702570872,0.734367597713,1.55125562551
292,1.0,6.53368292509,4.32849006526,6.36668908688,0.510826544717,-1.0,0.0,0.0,1.08653061097,0.450778696758,1.12598564542
293,3.0,8.05982212405,5.92186522126,5.90710010425,0.399381365101,-1.0,-1.0,0.0,0.957986750497,0.75115079886,1.46957655441
294,3.0,9.09977347738,5.26718291731,5.28843712184,0.367499618454,0.0,1.0,0.0,0.87460536847,0.664073336626,1.57984861477
295,1.0,7.19913940989,2.58277814975,5.80224311684,0.575833775727,1.0,-1.0,-1.0,1.14450974301,0.812661274709,1.54122466031
296,2.0,6.61832704315,4.90964892513,6.39185545461,0.239000939476,-1.0,-1.0,-1.0,0.838049583954,0.665938234171,2.15929215946
297,1.0,10.0373177326,5.94210426851,5.12227703757,0.604751000992,0.0,-1.0,-1.0,0.771898524664,0.864037972921,3.20502716926
298,3.0,10.4608514644,2.59614425629,5.18353255517,0.443219956218,-1.0,1.0,0.0,1.09940035418,0.557885827297,2.00945418016
299,0.0,6.789716524,4.75497145333,6.31595350364,0.62128945081,-1.0,1.0,0.0,1.11021026481,0.564862725969,1.42113707469
300,3.0,9.12027075837,3.16484135621,5.86408039517,0.247022928941,0.0,-1.0,-1.0,1.31533755421,0.443474420371,1.13815471707
301,2.0,10.3741160622,2.24894730281,5.26283203026,0.641477316968,-1.0,0.0,-1.0,1.2141423159,0.308659853937,1.56618750145
302,3.0,5.48873622867,4.6209932341,6.41689810017,0.352510912863,-1.0,-1.0,1.0,0.873537374738,0.58197338414,1.26689118243
303,0.0,4.97571552424,3.52754588885,5.01635245715,0.257141075468,1.0,0.0,1.0,1.11140108434,0.312514331029,1.2430829726
304,0.0,4.69260599736,3.97515471286,5.24152174788,0.435432435073,0.0,1.0,0.0,1.14686400067,0.586130142217,1.86228047771
305,2.0,6.56155508371,3.53645201911,6.99504046157,0.35622191245,1.0,0.0,1.0,1.12898133719,0.778705771367,2.5801257964
306,1.0,5.51422063794,4.96049476353,5.88806667467,0.563465686837,1.0,-1.0,0.0,0.740279166306,0.556455587237,2.54706732236
307,0.0,4.11722426645,4.19422958096,5.11749120414,0.444674730606,-1.0,1.0,-1.0,1.03016876549,0.777100664805,2.00214375695
308,1.0,7.41658479506,5.04641421006,5.19411854488,0.469195486104,-1.0,1.0,0.0,0.914978744807,0.38342119271,1.82964319325
309,3.0,11.5816375965,3.57071995583,6.37139396587,0.47625344124,0.0,-1.0,0.0,0.935713203095,0.501924313864,2.51478367129
310,0.0,10.1423274942,2.0727016956,5.54912795539,0.265548047957,0.0,-1.0,0.0,1.08089658867,0.828992939809,1.1810192516
311,2.0,8.14911338828,2.41609662565,5.95175754469,0.755419504515,-1.0,1.0,0.0,1.06899738049,0.511180912195,1.27391301715
312,3.0,9.78256333083,2.3201886246,6.70814135224,0.341113160829,1.0,0.0,-1.0,0.876816580625,0.420160566979,2.05500126327
313,0.0,7.10964441012,4.29527880773,6.76087900605,0.517020114796,-1.0,0.0,-1.0,1.16444638593,0.894186640182,2.23671492061
314,1.0,8.35799882275,5.29137687141,6.11830084926,0.51753615984,1.0,1.0,-1.0,0.791288410167,0.436449873999,2.39469703431
315,0.0,6.24471018246,3.00448893544,5.0055444959,0.450146329403,-1.0,-1.0,-1.0,0.752720806793,0.28663630495,1.58802798504
316,0.0,9.2291666607,5.40872708179,6.04495773811,0.620629190334,1.0,-1.0,1.0,0.908200462263,0.634233917521,2.48831957585
317,2.0,7.11866600113,4.14576281058,6.5510591753,0.682320427819,1.0,-1.0,0.0,1.13199313159,0.573599566517,1.89961775076
318,3.0,4.07864985552,2.53356872287,6.19019942684,0.392810360836,0.0,0.0,1.0,1.16911960454,0.512034948573,2.65139800999
319,3.0,5.44279106921,2.96551994124,5.68460197349,0.434093044956,-1.0,0.0,-1.0,1.10408731238,0.577670814651,2.16869763121
320,0.0,5.98879990677,4.67326911098,6.86809266593,0.530959274855,0.0,-1.0,0.0,0.994067653512,0.481243971663,2.5238218341
321,2.0,7.80327452614,4.97442220042,6.98863452227,0.552993130341,1.0,-1.0,0.0,1.18158574457,0.48228907646,2.76270742145
322,2.0,8.89259239822,4.28011367303,5.94175010217,0.440761350716,0.0,-1.0,-1.0,1.01915621041,0.382619744747,2.0977351903
323,3.0,10.5934623959,3.73391709621,6.16602329015,0.609320265795,0.0,0.0,1.0,0.727669052105,0.459204493486,3.01736431582
324,0.0,7.50877299247,3.64932483318,5.55713907588,0.494518189023,1.0,-1.0,0.0,0.947944469427,0.363752026267,1.61323146337
325,0.0,6.88215010777,5.98237533783,5.7610360211,0.243088347196,0.0,1.0,1.0,0.870855991407,0.558624047567,1.10876739525
326,2.0,4.99208143618,3.83095802196,6.42011450963,0.429455746654,1.0,-1.0,1.0,0.812824259814,0.62789084973,2.02321592635
327,3.0,9.49369389105,2.96805391594,5.79401398074,0.594127130694,0.0,-1.0,-1.0,0.929630609843,0.427928622116,3.75306712747
328,2.0,8.21028010463,5.6740228229,5.23506129015,0.458905223615,1.0,1.0,1.0,0.756663260963,0.503569566573,1.22741403621
329,2.0,9.63236013079,3.15831228322,6.77601135835,0.693956778495,0.0,-1.0,-1.0,1.01451359323,0.824256969278,1.34129785969
330,2.0,11.9061005695,3.35525947347,6.30563318378,0.303984035749,0.0,0.0,0.0,0.913435502455,0.499279982052,1.15569110228
331,1.0,9.70576238216,2.68942016098,6.37884387245,0.295389563657,-1.0,1.0,1.0,1.02188731613,0.636316641754,3.47308982278
332,1.0,10.8028676453,3.04074751651,6.39592712369,0.465931152074,0.0,-1.0,0.0,0.904492861389,0.339342293371,1.30590801066
333,1.0,5.06671437258,6.04912004475,6.84552150618,0.527295360928,1.0,-1.0,0.0,0.718317531817,0.708140864591,2.85597312603
334,0.0,8.64595117118,3.58206812642,6.71589764249,0.687546082821,0.0,1.0,-1.0,1.14103291941,0.568901388691,2.48104525977
335,2.0,10.1709314589,3.82336759503,6.56204496997,0.705216299432,0.0,0.0,1.0,0.953197149012,0.765011872159,1.31724223472
336,2.0,7.06512250136,4.09035841417,5.99036320304,0.630368952508,1.0,1.0,1.0,1.08298712111,0.661843389955,1.32763086188
337,1.0,5.32936833587,3.88742547176,6.59559680584,0.524520436959,-1.0,0.0,0.0,0.967298638485,0.660525275159,2.26008807982
338,0.0,8.69107999176,2.51444040008,6.85613637254,0.468718976379,-1.0,0.0,1.0,0.985951602918,0.885765156655,1.74597956697
339,0.0,8.41687043103,5.44219859771,5.72008404654,0.534152982676,1.0,1.0,1.0,1.04256853242,0.726690333072,2.49949171189
340,2.0,7.43955930288,3.22607109201,5.85609672691,0.308988704613,0.0,-1.0,1.0,1.00401629538,0.885107882908,2.13042373187
341,0.0,7.63761686541,3.98062728585,5.94661797205,0.554253739206,0.0,-1.0,0.0,1.19733400568,0.926906915859,2.95357201842
342,3.0,10.595740749,4.65800787487,5.03908162362,0.711633324177,1.0,1.0,-1.0,0.98278535189,0.494300363795,2.4673178824
343,2.0,7.07989092245,3.2063588507,6.43131721629,0.581228733751,0.0,1.0,1.0,0.74633719669,0.527618001844,2.35578444339
344,0.0,8.66822426974,4.13862757652,6.54657829612,0.486401434798,0.0,1.0,-1.0,0.891479739534,0.698929022893,4.95134462802
345,1.0,4.62770470241,4.63648409082,6.43641850526,0.54350598237,0.0,0.0,0.0,0.793440986596,0.258757516746,1.73187197612
346,0.0,8.89855447386,5.85298401871,6.14206534201,0.649330401323,1.0,-1.0,0.0,0.928632839201,0.555240472804,3.35504977807
347,1.0,10.8688701106,3.96117792253,5.1363103931,0.288460425536,1.0,-1.0,0.0,0.904072245734,0.450666434182,1.88487157834
348,2.0,4.81765566995,4.11374444921,6.02699770122,0.319269302474,-1.0,0.0,1.0,1.33453767669,0.364790561252,4.33769732741
349,2.0,4.37545239448,2.92620216799,6.83722998218,0.273737711127,0.0,0.0,0.0,0.736665845525,0.315687829866,1.56593343075
350,0.0,10.2876792021,2.27488971763,6.35316868036,0.58939437608,0.0,-1.0,1.0,1.02245596368,0.908929156531,1.80150575135
351,3.0,6.28490459691,6.12091648377,6.78767271955,0.413574703602,1.0,0.0,0.0,0.92184731709,0.310293151278,2.95692503256
352,3.0,5.95565927104,5.15909120555,6.20214035965,0.596478852157,0.0,1.0,-1.0,0.916775687865,0.768369841453,1.55946798547
353,1.0,11.2802205213,5.38440302616,5.05799972636,0.441912506531,0.0,1.0,1.0,1.00196984499,0.587374498025,2.0517260754
354,0.0,10.265473581,3.94407538445,5.09928233452,0.390699836236,-1.0,0.0,0.0,1.34275498317,0.938423514213,3.37570001313
355,1.0,8.40323086803,4.26685361191,5.57044694943,0.390302351233,1.0,1.0,-1.0,0.937880827539,0.71017634777,2.232948527
356,3.0,4.57869903276,3.43796415775,5.86392635436,0.357545188106,0.0,1.0,0.0,0.663520761467,0.83238764176,1.90249454732
357,0.0,9.39740440425,2.19485820614,6.74420313286,0.568713762597,-1.0,0.0,0.0,0.847465610563,0.698556958893,1.41286716398
358,2.0,4.59721966211,5.59852162029,5.42205549891,0.409930183176,-1.0,1.0,0.0,0.768830704438,0.849534097459,2.77427191618
359,3.0,7.42671867282,5.72864799067,5.36949095001,0.397082629644,0.0,1.0,0.0,1.04405286486,0.537455528294,1.98011357346
360,3.0,11.4614500505,5.32875110855,5.45172104335,0.618361536536,1.0,1.0,1.0,0.732185459039,0.455657589183,3.05911452747
361,1.0,10.4371746156,6.01651764679,6.39680901191,0.492732473284,1.0,-1.0,1.0,0.962165628663,0.774775960496,2.04432255654
362,3.0,11.2108062767,5.47511219737,6.08119445088,0.503632233572,0.0,1.0,-1.0,1.03352682174,0.532192000239,1.34797419612
363,0.0,4.0210362659,3.11822163611,6.38774028955,0.26351085496,0.0,0.0,0.0,0.707493008108,0.860878581243,2.9861852493
364,2.0,7.54661323262,3.38508393006,5.81432508022,0.350782648255,-1.0,0.0,1.0,0.881754271044,0.661905170052,1.95675969523
365,0.0,7.69424101492,3.46851112882,6.80099740583,0.663463410227,1.0,0.0,0.0,0.703964162379,0.335764879554,4.66117431773
366,0.0,4.4910182498,5.87490250057,6.71773967168,0.245192450506,-1.0,0.0,-1.0,0.972336083312,0.761957777957,1.84144683629
367,0.0,7.32520218016,4.82568801157,5.69429373991,0.320872810547,-1.0,-1.0,1.0,1.06400228563,0.269163467104,1.67810176045
368,1.0,6.40882741265,4.74678596374,5.82026249172,0.439804215674,1.0,0.0,0.0,1.12770210481,0.292992177262,1.4966304402
369,3.0,7.18490589247,2.20308741575,6.19764375394,0.535552469981,1.0,-1.0,0.0,1.13855855205,0.603873761175,3.87434941569
370,2.0,5.7337706398,5.49843325142,5.38417326314,0.60812661762,-1.0,1.0,-1.0,1.16418254017,0.509518985594,3.8918058925
371,3.0,5.41062016983,3.33882055047,6.49934676405,0.664839584858,1.0,0.0,1.0,0.989288854416,0.59913752835,5.54946188611
372,0.0,4.46780987514,4.84902901012,5.41901035208,0.590730136143,-1.0,1.0,0.0,1.0317900028,0.813878453753,1.72226269832
373,3.0,6.16170892603,5.4063163937,5.84140902656,0.615007451432,0.0,1.0,0.0,1.17138536036,0.611102640143,1.72789342204
374,3.0,6.97896160919,2.74157281199,5.62510763552,0.537150388032,0.0,1.0,0.0,0.670963095419,0.52963737915,1.6496300645
375,0.0,9.18202584255,5.00883854087,6.49462015747,0.601272727704,1.0,-1.0,1.0,1.03133676478,0.30091755184,2.13880272687
376,2.0,6.86190996566,3.4038788504,5.95230478127,0.743751777454,1.0,0.0,1.0,0.895066064414,0.693238554538,1.3853318858
377,2.0,6.24860347114,4.30359552249,6.75061469091,0.690261343638,0.0,1.0,0.0,0.922577886699,0.566083695035,1.2034021279
378,0.0,10.5591055204,4.25241124387,6.05276817431,0.255514913627,1.0,1.0,0.0,0.87954149351,0.544015965025,2.72300834915
379,3.0,11.6509350106,4.64614490863,5.57504987657,0.394356300383,0.0,0.0,1.0,0.870083223868,0.754349290299,2.74706324194
380,3.0,5.04481919829,5.54165066578,5.48897612232,0.424811410903,-1.0,1.0,-1.0,1.20323414461,0.736313615606,5.29324535285
381,3.0,9.19788347273,2.61101330898,5.66681208307,0.752105374005,1.0,0.0,0.0,1.12201014072,0.689393289601,1.92377710737
382,3.0,9.83289560637,3.62736957053,6.73679009789,0.595601347734,1.0,1.0,-1.0,0.769923788937,0.534617207395,2.15154962973
383,3.0,9.24917205098,5.46367546504,6.07710298004,0.536365429177,-1.0,0.0,1.0,0.986781347724,0.419385268574,3.51638222611
384,3.0,9.16557693354,3.78506926969,5.34391249703,0.291908166377,-1.0,1.0,1.0,1.08242613799,0.743550517957,1.22226180171
385,2.0,8.46015325515,4.64916157034,5.65535954244,0.407526294928,1.0,0.0,0.0,0.866984682649,0.540727405591,1.44925912539
386,0.0,5.86112763865,3.61276570757,6.62629907417,0.539949255639,0.0,1.0,-1.0,0.667106240966,0.401506445751,2.30832409887
387,0.0,5.16573467386,4.40420159158,6.92357083158,0.454212616999,0.0,0.0,0.0,1.29701924776,0.377027867397,1.06313760627
388,3.0,5.95804342284,2.85180918349,6.51008338389,0.574617094478,-1.0,1.0,0.0,1.03267781081,0.379153477323,1.99185110802
389,1.0,11.3580293187,3.6825495229,5.62109177616,0.590878120233,-1.0,-1.0,-1.0,1.32039395906,0.68698793945,2.75589320525
390,1.0,6.04349474333,2.82898368154,5.15440990428,0.506632903124,1.0,-1.0,-1.0,0.824350188588,0.716573505309,1.54888266813
391,0.0,7.34649873352,2.37809350075,6.41333630512,0.636068433558,1.0,-1.0,0.0,1.14959896943,0.272804994338,2.34797138729
392,3.0,6.05151231668,4.99236324277,5.75355121561,0.494168019783,1.0,1.0,-1.0,0.910222201847,0.609523902684,1.62601361422
393,0.0,9.36002396959,3.48550047821,6.54224240544,0.383877579719,0.0,0.0,-1.0,1.03496895051,0.71949934293,3.45347377638
394,3.0,11.820177921,5.57372175961,5.74625345714,0.516302107695,-1.0,-1.0,-1.0,0.976711578318,0.84097694895,4.28745991058
395,0.0,11.7753735546,3.25702969792,6.03383960823,0.354124522772,1.0,-1.0,-1.0,1.01647813329,0.59515218053,1.29937897618
396,2.0,10.393771596,5.79058882199,6.72766153554,0.3667620082,-1.0,1.0,1.0,0.90615460646,0.560692722602,3.32696906294
397,2.0,7.25469129803,5.25241920213,6.95686817287,0.432232474993,0.0,0.0,-1.0,0.86056315246,0.390422191329,1.60760051967
398,1.0,11.4247994217,3.09844159705,6.40499041637,0.251101807424,1.0,1.0,1.0,1.16735797479,0.532991779237,1.67618789555
399,2.0,7.26507982937,4.52356902262,5.43498241042,0.622948637065,-1.0,0.0,1.0,1.08852367215,0.759761299265,1.83634069655
400,3.0,10.6874945833,5.19351662594,5.89791327751,0.388486210944,-1.0,0.0,1.0,1.32704241886,0.612856221855,3.64857174775
401,0.0,10.7858964733,4.56850443345,6.60205025425,0.42083229778,1.0,1.0,1.0,1.05983105013,0.422434937146,2.78111611743
402,1.0,10.3321030389,3.23233476122,5.96968069922,0.539096168028,0.0,-1.0,-1.0,0.764087816167,0.853435183822,2.03685407126
403,2.0,5.13633857285,4.681031707,5.25411658072,0.604376002721,-1.0,1.0,-1.0,0.791532253786,0.690718527261,1.35714838999
404,3.0,7.45944728666,2.36681267053,5.82945046205,0.460832269397,-1.0,0.0,1.0,1.01681136051,0.59349197038,1.18677582453
405,2.0,11.0962057948,4.23498080267,5.87102667624,0.410248003078,-1.0,0.0,0.0,1.01261703382,0.658115623907,2.21234963946
406,3.0,11.5174954575,5.24295846353,6.82978493262,0.446865826134,-1.0,1.0,-1.0,1.15592838474,0.461835524526,2.11000403588
407,3.0,7.52828240424,3.56452681844,6.63498274544,0.415522474996,0.0,1.0,0.0,1.07230467826,0.738995695669,2.29353413883
408,0.0,8.2804172123,4.12744821713,6.59932130372,0.642480548703,0.0,1.0,-1.0,1.23158950705,0.329582629442,5.43783741451
409,2.0,5.11883300065,3.89005077881,6.69558344823,0.654430231629,-1.0,-1.0,0.0,0.951766169026,0.608353439991,1.87771787061
410,3.0,11.8485321526,3.65855282682,5.75619460121,0.375597776465,-1.0,1.0,0.0,1.14380856796,0.89179607647,3.26358417352
411,1.0,10.6257138994,6.10736991512,6.51877232118,0.277142863629,0.0,0.0,0.0,0.805080872338,0.671107903398,2.2277073745
412,1.0,4.54186176986,4.79700133546,5.9198174129,0.382812104134,-1.0,0.0,-1.0,1.06571959301,0.748968704452,2.28548465449
413,2.0,4.43657917621,2.39222021634,5.17596801194,0.235088682098,-1.0,0.0,1.0,0.932944700462,0.64794387916,1.96846117447
414,1.0,6.72223324901,3.26662292196,5.32322457824,0.625816853094,-1.0,1.0,1.0,1.27445453386,0.467504555364,1.46762053481
415,1.0,8.67989688684,5.69897095448,5.47275448916,0.691775124823,0.0,0.0,-1.0,0.987223746721,0.676240408253,1.65621738266
416,1.0,9.60729620414,5.42696746356,6.1460856567,0.372807725879,1.0,1.0,1.0,1.22719109217,0.878331774047,1.48232252157
417,1.0,8.85831713618,5.20688561135,5.29861040211,0.401658837986,1.0,-1.0,-1.0,1.01350828305,0.753678881231,1.46373215027
418,3.0,9.00893051018,4.34457437972,6.53529846077,0.561326086797,1.0,-1.0,-1.0,0.821145212895,0.541219618964,1.90670054559
419,0.0,9.390538975,3.98593039347,6.88299843688,0.452900457889,1.0,0.0,1.0,1.15343317375,0.441742705708,1.47471459683
420,2.0,7.37002939854,4.89785940956,6.66611481028,0.448401287632,1.0,-1.0,1.0,1.28224259135,0.415499941211,2.28379067925
421,1.0,5.1055661463,4.2165258298,6.26106228128,0.315559256358,1.0,-1.0,-1.0,0.796825295035,0.521623923423,2.66516337499
422,0.0,10.6982611998,5.22263010527,5.74010248892,0.48324071378,1.0,1.0,-1.0,1.02070687608,0.792940551157,4.3902281691
423,1.0,9.34238488725,3.94108376025,6.05151194586,0.567557506347,0.0,1.0,-1.0,0.963568726194,0.434902785667,1.50579907224
424,1.0,5.07867877157,4.75877739463,5.72766784321,0.582690244603,0.0,-1.0,-1.0,1.10022595971,0.62259236178,1.64063650775
425,0.0,9.29057743065,3.86414799424,5.17770828727,0.405768171064,1.0,0.0,0.0,0.71443044822,0.570478133916,1.40989313351
426,3.0,5.75938512423,6.14709395902,6.46560809285,0.380653291311,1.0,1.0,0.0,0.686737679319,0.827565754963,2.86311134445
427,3.0,7.99927189787,2.71264551539,5.20020215305,0.723017254965,1.0,0.0,0.0,0.868715101241,0.731466008947,1.42408357633
428,1.0,10.2450361115,3.96779501258,5.56194849929,0.441360395459,-1.0,1.0,1.0,1.24576841435,0.342582034531,1.66071890692
429,1.0,10.9022728816,4.18846520755,6.75917782422,0.363358341024,0.0,-1.0,1.0,0.898546132017,0.479581479378,3.39097509186
430,3.0,11.5032108278,3.85034180024,6.3329131807,0.384216090549,1.0,1.0,-1.0,1.06856537302,0.442540794151,3.25065959856
431,0.0,5.81078925539,3.51889497712,6.00749561796,0.583690820302,-1.0,1.0,-1.0,1.1586965034,0.487760487241,2.6917850818
432,1.0,6.47846293463,5.91609886601,6.13965680384,0.571209928223,0.0,1.0,-1.0,1.13363674332,0.714457241794,1.73915193473
433,3.0,6.31150553568,4.58394007428,6.17777314528,0.312445180062,0.0,1.0,0.0,1.00463628925,0.837582426663,1.57516732603
434,3.0,6.99371198705,4.78260762195,5.67666658792,0.518901331691,-1.0,-1.0,1.0,0.777645334867,0.741779424267,1.40108477735
435,1.0,8.33798813352,2.15750611526,5.9224114744,0.758837521312,1.0,1.0,1.0,1.12467215631,0.566859519103,1.40573979605
436,3.0,10.7707125035,2.56478896795,5.56441514734,0.645504163923,0.0,1.0,1.0,1.0662086512,0.531154179828,1.86785231157
437,3.0,5.30007185704,5.99340409103,5.58755852935,0.464704229734,-1.0,0.0,1.0,0.957197345817,0.794694390919,3.30727475649
438,0.0,7.04302539865,4.44803980251,6.17206749851,0.509304458585,0.0,0.0,1.0,0.99983289783,0.947137073575,2.013209042
439,2.0,6.82871291426,2.51957354519,6.97149999621,0.608778039636,-1.0,0.0,0.0,0.887389569957,0.897691400103,2.92165244531
440,2.0,7.93925454367,5.71655568243,6.27347947689,0.71724564917,0.0,0.0,1.0,0.997421382499,0.281511753519,1.77053456454
441,2.0,6.37337107168,5.29628374463,5.01347302562,0.546166929151,-1.0,0.0,1.0,1.08459014482,0.333456512788,2.41303477081
442,2.0,5.23815785197,3.41767339965,6.61532067417,0.426880180424,1.0,-1.0,1.0,0.844432102085,0.538421271437,1.40255797028
443,3.0,8.96117529294,3.2420487641,6.2295542149,0.501725787576,1.0,1.0,0.0,0.959833420056,0.650525099444,1.45518513716
444,2.0,7.39416867311,3.95150136642,5.17079643465,0.687048992554,0.0,0.0,-1.0,0.819315202849,0.64656907445,3.03200034186
445,2.0,7.73990004842,2.64688956112,6.52929294231,0.474152056286,1.0,1.0,0.0,0.865392897169,0.624029817031,2.55278121137
446,3.0,7.88628640532,3.54516231521,6.33737320802,0.344043686924,-1.0,-1.0,1.0,0.87832980531,0.715471940812,1.32190797835
447,0.0,6.64272652725,3.08394277617,6.89280833394,0.334608203177,0.0,0.0,0.0,0.951424871897,0.86885058781,5.89589828396
448,1.0,7.49380969878,4.47477345768,6.1310230885,0.626112260642,-1.0,1.0,-1.0,0.91564097562,0.793476706136,3.67205495564
449,3.0,9.79970903164,2.22532905893,5.07609494929,0.299330788352,0.0,0.0,0.0,0.77452575943,0.527143026823,1.31103057767
450,1.0,7.15777527147,5.31825404174,6.09675404422,0.398470727293,1.0,0.0,0.0,0.689767767615,0.484732183836,1.80752684783
451,1.0,6.21650696629,3.70180040362,5.58219788063,0.704092846116,0.0,1.0,-1.0,0.829444324579,0.368317805294,4.20398460531
452,0.0,8.78632864814,4.33435137718,6.88909181197,0.74161986234,1.0,-1.0,0.0,0.938914878592,0.606573642471,1.59419398876
453,1.0,9.94220765448,4.22063221291,6.813696718,0.532688832581,-1.0,0.0,1.0,0.823294052859,0.516764126256,4.5547754999
454,3.0,10.2969556919,3.7069287349,6.47778374398,0.676827672646,0.0,-1.0,1.0,1.03966189174,0.477397086831,2.59079576919
455,1.0,10.0713696478,3.32677579146,5.10199553965,0.343475191348,0.0,0.0,0.0,0.893885048017,0.584293447569,1.85491350605
456,0.0,6.34367568845,5.55283400355,5.85404110467,0.422684257163,1.0,1.0,0.0,1.25085948508,0.373325574292,1.1011535293
457,1.0,6.29545521745,4.72081457875,5.04502566357,0.48860854151,-1.0,1.0,0.0,0.995537997437,0.642651824419,2.80724434686
458,2.0,7.30508967689,3.08945788779,5.20952327957,0.485315595146,1.0,0.0,-1.0,0.800082954397,0.905679978765,1.6196542663
459,1.0,10.3245774436,4.13297574448,5.55331630038,0.653302328333,1.0,0.0,-1.0,0.964369898711,0.55209051267,4.03519124125
460,3.0,9.04946986131,3.20188091158,6.50430987147,0.261643110896,1.0,-1.0,-1.0,1.05324926122,0.729975145923,2.27122864441
461,0.0,4.22340873754,3.27599123965,5.18596852974,0.36076664803,1.0,0.0,0.0,0.977080932098,0.837970144958,1.37777758647
462,0.0,8.31107021958,4.55696456556,6.60576953186,0.665680026555,-1.0,1.0,-1.0,0.839159331115,0.39593831116,2.29965951093
463,1.0,5.34608307736,2.85884832479,6.47229144983,0.728609542432,0.0,0.0,0.0,1.11522129816,0.727300196846,1.31427775786
464,0.0,6.55168612503,2.28277123273,5.65155959454,0.695734837749,-1.0,-1.0,0.0,0.85223807777,0.700003498151,2.07213174677
465,0.0,9.09397078701,5.34438097288,6.13477315753,0.5932545424,1.0,-1.0,-1.0,1.10194382136,0.688182200313,2.10740843169
466,2.0,5.43424151902,2.1205050211,6.21738822633,0.433811989628,1.0,-1.0,1.0,1.10744121443,0.757405903353,1.67412018023
467,1.0,4.94748910996,2.39090534429,5.80517788142,0.392058959342,1.0,-1.0,1.0,0.958536570636,0.803501142587,1.71561028276
468,2.0,5.71158403086,4.07450316298,6.81019722779,0.364433105319,0.0,0.0,-1.0,1.26574230467,0.763977544364,3.80546314806
469,3.0,11.9172004001,5.14036639912,5.51979931224,0.250176373424,1.0,-1.0,1.0,1.23599304855,0.875157536188,1.60088443485
470,0.0,10.2188101529,4.3511962573,5.63743738863,0.36241726924,0.0,0.0,0.0,1.18789307407,0.545853902918,1.93425349662
471,1.0,8.47459679791,5.07847248571,5.51437252988,0.288542073843,-1.0,-1.0,0.0,0.928007839654,0.465454823844,1.74248488111
472,0.0,6.9240301041,2.93689241104,6.00847754392,0.576789485076,-1.0,1.0,-1.0,1.01182033153,0.607856200759,2.61508778697
473,3.0,9.52842603524,2.8433470122,6.83249186323,0.637761232304,-1.0,-1.0,0.0,0.863637281746,0.61449301286,1.03620589868
474,0.0,5.0302781165,5.51767364099,6.01847867907,0.337438662129,0.0,-1.0,1.0,0.818112654181,0.632102457982,2.3529677521
475,0.0,10.9792592725,3.47916224455,6.03972841499,0.476166990279,-1.0,0.0,0.0,0.972169321737,0.54990688995,2.55909897205
476,0.0,4.33741930493,2.75757793872,5.24640739545,0.527114928715,1.0,1.0,0.0,0.911163736916,0.863027936012,1.38626962577
477,3.0,9.45394484412,5.35931675914,5.32781841664,0.552183234896,0.0,-1.0,1.0,1.05687571857,0.536023810179,1.87278831823
478,2.0,9.07059857059,2.66616834211,6.25481536719,0.3948383046,1.0,1.0,1.0,1.02027577415,0.468759962871,1.89374476484
479,2.0,8.11537807108,5.109865272,5.22468106542,0.75136162493,0.0,-1.0,-1.0,0.927322235157,0.782254953327,1.16250003086
480,0.0,10.4811552489,4.50979487735,6.4472902071,0.34771228859,1.0,1.0,0.0,0.960889647959,0.495380583885,2.38880988561
481,3.0,11.7405015932,4.53377493469,6.61137112193,0.500448707507,-1.0,-1.0,-1.0,1.23338816619,0.402451075164,1.11832840669
482,3.0,5.9760797313,4.72708986342,6.2143445416,0.38518284893,-1.0,1.0,-1.0,1.00916135383,0.425848227486,3.94393278747
483,2.0,9.42358209464,3.46395592629,6.14982772531,0.436207803954,-1.0,1.0,0.0,0.978492875275,0.746816132197,1.19358756625
484,0.0,4.2183537045,4.11879242955,6.10926784575,0.534999087013,0.0,0.0,-1.0,1.13595325099,0.685437144563,1.70677113192
485,1.0,5.90391009606,3.74264501193,6.32429572047,0.558556145908,-1.0,0.0,1.0,0.880750836633,0.600703376157,2.42457545705
486,3.0,11.6104028582,3.82778118567,5.982491113,0.621991440733,0.0,-1.0,1.0,1.04776410178,0.598502675122,2.03954831962
487,2.0,6.14144588209,4.2700751893,6.36019648884,0.469869615652,-1.0,0.0,1.0,0.74908382602,0.7233136869,1.57964504423
488,0.0,5.8188129409,5.83816739775,6.96277166741,0.612070727861,0.0,-1.0,-1.0,1.17626117327,0.458371105905,1.75696242385
489,2.0,5.66348535184,4.89306211632,6.49127466707,0.415852253805,1.0,1.0,1.0,1.00638385956,0.515614386791,1.84815073458
490,0.0,6.83798105082,3.68752034217,6.9859552397,0.424316253778,1.0,-1.0,1.0,0.924421826805,0.889761961276,2.12112972423
491,0.0,8.5386317785,3.34090339729,5.27440342948,0.672936095833,0.0,0.0,1.0,0.950130952566,0.589262836651,1.49133988297
492,0.0,10.4247801314,3.72804432405,5.34424099105,0.75928851748,0.0,0.0,0.0,0.811780999597,0.464132717311,2.4183917975
493,3.0,8.3972179219,2.14437738954,6.782194733,0.547002684751,1.0,-1.0,0.0,1.34990249686,0.49761479364,2.64660595756
494,3.0,8.87445712805,2.90142012881,5.1609766224,0.651402411951,0.0,1.0,-1.0,0.828234783981,0.62708326152,1.29456968038
495,1.0,8.96992244267,3.023079359,5.73694252873,0.746040205222,1.0,0.0,0.0,1.01772572344,0.853197888472,2.49792702113
496,0.0,11.0687565027,3.13116619196,6.79260358668,0.402172356003,0.0,0.0,-1.0,1.00368789433,0.521032701799,1.14322603743
497,3.0,8.49590213649,4.6289953692,5.10426682631,0.268566481979,-1.0,-1.0,1.0,0.89211550929,0.590962261681,4.01019627151
498,0.0,7.67056595702,3.52387119324,6.67278460739,0.321561689714,-1.0,-1.0,0.0,0.854576592047,0.648553482693,1.55763004027
499,0.0,8.6489802691,3.36304845382,6.07377846042,0.644712451478,0.0,0.0,0.0,1.19504286931,0.568146408935,3.51991161869
