id,SIAE,SSAN,PPQ,TEFO,FICE,FSNOW,RFR,PRS,GCM,OCM,TCT,VCM,OCS,ZMIN,PHIMIN,ZMAX,PHIMAX
0,2.1739993,3.297782,0.8776588,0.017837599,8.978159435456377,6.535616538317416,0.250038561271779,6.345823991120314,3.0,-1.0,1.0,1.171541347630337,0.0,-383.6176,7.047823,300.05212,41.647903
100,2.359556,3.2917752,0.53862935,0.01608781,12.743599368812124,5.041451291966157,0.4233015836198038,5.1397376676592685,3.0,1.0,0.0,0.9251374441308237,0.0,-454.37817,11.723631,248.83244,44.115902
101,3.1134193,3.3190196,0.79503274,0.019967297,8.51580863791909,6.700593867573828,0.6241753142442696,5.17233552380122,1.0,-1.0,0.0,1.0299628104088931,0.0,-309.71234,8.67607,279.15186,43.776478
102,2.3020372,3.3337996,0.82227516,0.018529246,11.569864768353355,4.885750561891124,0.5173060168530785,6.77593352065845,3.0,0.0,1.0,1.1388849620888943,-1.0,-178.36159,8.021232,59.754192,42.615883
103,3.000464,3.27865,0.70066065,0.01676601,12.834905919488254,3.5527156491985923,0.3723791500996847,6.9898228670721245,0.0,0.0,0.0,0.8405774087448514,1.0,-372.1306,6.582156,196.96935,43.832237
104,2.3738792,3.2512226,0.7121819,0.014741147,11.431208356840424,6.248704689753578,0.4721672809010665,6.274921248150493,1.0,1.0,0.0,1.01283772479312,1.0,-436.2437,6.237118,72.97849,41.54093
105,2.7029483,3.3293805,0.653263,0.020866912,6.327631569958594,6.199696883198873,0.5488055657823027,6.417331482589445,2.0,0.0,0.0,0.9652639183820211,-1.0,-275.6771,7.4964714,160.01433,42.844345
106,2.5392103,3.274808,0.7603981,0.01960846,12.335047399881727,4.253138529031056,0.6161272767237885,5.629054606174608,1.0,0.0,-1.0,1.1267618827030224,-1.0,-361.88412,6.140157,305.40506,41.098427
107,2.6405475,3.2762125,0.5512739,0.018003289,9.144261448801444,3.7433621747462684,0.42034404740585646,5.695180636795227,3.0,-1.0,0.0,0.7367921917026883,1.0,-539.8197,7.286966,276.71234,44.798073
108,2.6270025,3.3196042,0.61581343,0.020009972,11.01516367340542,5.984142395746393,0.5817529931168173,6.720754284304481,3.0,0.0,-1.0,0.9192825959464684,-1.0,-443.8568,8.386676,331.8607,41.58229
109,3.0423582,3.325107,0.6543159,0.020454776,11.773550037879291,4.575817473772343,0.4473865439512828,6.9196564695208576,0.0,1.0,0.0,1.0307864815985515,-1.0,-422.7537,6.668698,324.42963,43.51396
10,2.919523,3.3342865,0.81542593,0.018740837,6.148197671085211,4.626080120956229,0.40285693857773536,6.9784546130589,0.0,-1.0,1.0,1.179119595099491,-1.0,-474.82034,7.09371,193.06007,40.80067
110,2.4405227,3.303433,0.8784514,0.02253089,10.664425671601531,6.283284378058546,0.5430176787355027,5.822148678334285,0.0,-1.0,0.0,1.01483350144113,0.0,-331.58954,5.3826933,162.79767,40.80892
111,2.7396524,3.3145635,0.6840157,0.01846468,11.760393720238678,5.405690450367387,0.40615737912206296,5.076979502363689,2.0,1.0,1.0,1.027788322570025,0.0,-440.67978,9.457788,351.98923,41.485207
112,2.3767416,3.3310103,0.73826665,0.018224655,6.694298196852951,5.790406417080688,0.549266783527273,5.476387183000132,0.0,0.0,1.0,0.9439319469900243,1.0,-527.79425,6.3676586,381.68698,41.87055
113,2.6316144,3.2441707,0.7327069,0.021558901,10.055504316210309,2.8857314777476772,0.3353323862231832,5.667506383904602,1.0,-1.0,-1.0,1.164043489697802,1.0,-279.27042,6.6706243,350.44626,43.988297
114,2.1350071,3.352885,0.83818847,0.016848253,13.182373628130943,2.7605432936215117,0.6406322330860057,5.057563242109742,1.0,0.0,1.0,1.1915999381774747,0.0,-356.33688,7.3904214,215.9385,44.47566
115,2.5279965,3.3049915,0.7121026,0.014428523,5.857331368595328,5.689380861633534,0.7178294689822368,5.908585307509009,2.0,0.0,0.0,1.0212537238318788,-1.0,-323.2401,8.975708,40.607986,41.14113
116,1.9356204,3.3451486,0.7315294,0.014727463,7.759612577354219,4.065118912771081,0.6154060911361882,6.170862868643275,1.0,1.0,1.0,1.183095538064465,-1.0,-409.673,7.9418383,112.73064,41.22514
117,2.4253216,3.3004332,0.67952955,0.016791675,12.119160798617644,5.146999521747397,0.38357941010889246,6.151719384345198,2.0,0.0,-1.0,1.013523471010553,1.0,-468.05734,7.8068547,364.21646,40.55412
118,2.5230007,3.2566297,0.6785235,0.017177012,7.838818676539155,2.9872535568321523,0.6282531779428516,6.202043821643391,2.0,1.0,-1.0,0.9324323834834441,-1.0,-353.96494,9.816876,209.22777,41.63395
119,2.7433178,3.3168926,0.74736375,0.02295769,11.194461430148356,6.226990601138288,0.42710228746774054,6.8537708246040605,0.0,0.0,-1.0,0.8544571196901742,1.0,-374.17462,6.753695,277.1004,41.249714
11,2.335953,3.3232138,0.7482565,0.017707946,12.858845359150788,5.115355057853489,0.5014223048217858,5.7602710242036474,3.0,0.0,-1.0,0.7806626271754004,-1.0,-392.14288,8.852122,337.7955,44.29984
120,2.2911766,3.3768642,0.87149924,0.0149969375,9.581769207533682,4.619551732148947,0.31854737160179625,5.449017406441099,2.0,-1.0,0.0,0.8671665211254808,-1.0,-374.18445,5.4610844,143.6786,43.07637
121,2.2209666,3.2364998,0.8628013,0.018835017,9.381416062834624,4.0906440707714555,0.7086473327022078,5.932314878578068,0.0,1.0,1.0,0.9310228567138635,1.0,-225.28651,6.3768306,122.81432,41.092255
122,2.940555,3.3169029,0.81127304,0.018996548,4.537797995184421,4.902004638048363,0.6430999127002449,5.764536005084807,3.0,0.0,0.0,1.1591139687358372,1.0,-145.03026,8.088878,173.61855,44.468765
123,2.781417,3.2824326,0.6500399,0.017532092,5.772752156382831,5.269836016972787,0.4652115369573325,6.680935807035899,0.0,1.0,0.0,1.0103332569019645,0.0,-438.08368,7.3303447,288.0754,44.53824
124,3.0293286,3.3355572,0.63617426,0.024349825,9.745296223789074,4.756320982308295,0.34210208560938404,5.562337830122329,1.0,-1.0,-1.0,0.8582799690553976,1.0,-351.05728,9.140533,312.303,41.43739
125,2.8309703,3.2782419,0.642065,0.018259004,7.832094494279548,4.119282895650598,0.2876640480267836,5.121974105001554,3.0,-1.0,1.0,1.1502719665899999,1.0,-360.8837,7.910138,215.64507,44.06791
126,2.469923,3.313494,0.74800175,0.017495561,8.75376965210143,4.220802168650431,0.7022919535989054,5.536399315126192,1.0,-1.0,-1.0,0.8497852447388883,0.0,-330.6591,5.1720176,140.61317,43.323704
127,1.9482179,3.2989912,0.8052737,0.016317237,10.224376386104172,5.768062258263098,0.47049120938068595,6.5569850385356325,1.0,1.0,1.0,1.2412647729394122,1.0,-324.06714,8.103373,246.94157,42.150085
128,2.866922,3.2911317,0.63224334,0.022769256,6.4768711233667675,3.052853535795125,0.5662100177818339,6.304200651835598,0.0,-1.0,-1.0,0.8080322834421716,0.0,-408.05472,5.2062097,252.40504,42.984318
129,2.7302392,3.2962978,0.86500764,0.021703405,11.348429883740376,4.951098971613459,0.503833781165121,5.785679590796277,0.0,0.0,-1.0,1.2480582103203475,0.0,-275.83084,5.9304953,242.88489,42.160534
12,2.865449,3.3188171,0.72752696,0.021708332,6.001299022774392,4.438051795520491,0.6566083884418411,5.426432242724088,3.0,1.0,1.0,0.8371380088498547,-1.0,-427.39874,6.202947,343.24228,43.602272
130,2.3640132,3.3152173,0.8389482,0.018042326,7.0004534763934725,4.498645808864235,0.6046112842582767,6.949702672256895,1.0,0.0,-1.0,0.7060714241408588,-1.0,-329.4153,6.1137795,258.5245,43.418667
131,3.2336054,3.323341,0.69615936,0.020082222,6.870252110438104,2.87346155665141,0.6659774888376937,5.463940138046136,2.0,0.0,-1.0,1.0572214943720928,1.0,-284.94638,8.537687,90.41231,40.81621
132,2.7547705,3.3447402,0.54597,0.024240047,12.799116298720762,3.3803755457768294,0.27106960483870646,5.685039273499255,2.0,1.0,1.0,0.8757790515746389,-1.0,-619.7113,8.080872,603.4213,44.072044
133,2.7254455,3.3127666,0.8361972,0.018853625,7.06604699608135,3.0071559424348937,0.6880130036741204,5.243236380031189,0.0,0.0,1.0,0.8729696271719709,1.0,-461.30563,5.319123,190.77876,44.61725
134,2.4961672,3.1988258,0.8205246,0.021376375,9.431491729801795,3.15768572965933,0.6902127918509057,6.967123391166746,0.0,1.0,1.0,1.249423451174202,-1.0,-257.00735,6.900376,169.99649,43.79523
135,3.1975045,3.2934027,0.65404254,0.022054614,10.691595399404052,5.126816122939751,0.6738784579910119,5.360198014530321,3.0,1.0,1.0,0.7701641894888971,1.0,-320.80453,6.9159513,160.76057,42.16997
136,2.8519266,3.227818,0.7390349,0.025611848,5.906206575125891,3.774822583379028,0.7136119278346796,6.4542026928301865,2.0,-1.0,-1.0,0.8251158589416006,0.0,-221.14221,8.963714,750.414,41.582584
137,2.907939,3.3655283,0.6890448,0.027011914,4.559864562590515,5.286493010333721,0.6519936861178289,5.513865554843757,0.0,0.0,0.0,0.8917912671441022,0.0,-526.43024,6.268383,680.89087,41.078865
138,2.521976,3.3085737,0.81063724,0.017658051,8.701341459276707,4.480108148326039,0.4170012437769847,5.965267597098811,1.0,-1.0,1.0,0.895263649714296,1.0,-499.8598,5.462608,297.15347,43.090855
139,2.576748,3.3259428,0.8986743,0.02112878,6.665507749207566,5.30266678547191,0.6216588937168486,6.289596523563276,1.0,-1.0,1.0,1.0754730664980474,1.0,-266.90652,5.4764533,92.26786,42.75794
13,3.0315907,3.346529,0.7702331,0.02226069,11.738719676882756,4.174597061591703,0.6848324809083424,6.335836175758313,2.0,1.0,1.0,1.2117247450770066,0.0,-577.85394,6.183362,469.17816,42.694427
140,2.9561093,3.3551073,0.7170739,0.02049855,4.489361103174196,6.515643401238266,0.3561005256188241,6.7197736487700945,2.0,-1.0,-1.0,0.9991353821534674,0.0,-392.38925,5.7600775,313.28366,43.737846
141,3.00842,3.3428357,0.6589046,0.01696704,9.461638026127165,2.5178146641101944,0.4376316022838763,5.320370330431336,0.0,0.0,0.0,1.138315860227478,0.0,-461.16458,8.034233,156.06511,42.91898
142,2.3134894,3.216051,0.7223035,0.014025158,5.753654999066226,4.231389920513753,0.5344841348431051,5.19292646442736,0.0,1.0,-1.0,0.7436717764970201,1.0,-405.20047,7.140337,202.6215,43.534927
143,2.8006427,3.2644095,0.7738042,0.018569434,8.307325531731257,4.782219131490763,0.40352631681963497,5.4176355823006705,0.0,0.0,1.0,0.6723000090477365,0.0,-382.5701,7.519847,243.55391,43.35629
144,2.6866164,3.3740404,0.7590199,0.01864105,9.441853846697452,3.961347465377096,0.6992306366586993,5.920508171098425,1.0,1.0,-1.0,1.0167352017831093,0.0,-422.42975,8.037321,236.55417,43.66016
145,2.3970537,3.263909,0.8124383,0.021296643,9.279561836416615,4.424951562858637,0.3111843744045829,5.1401558096821365,1.0,0.0,1.0,1.1741142435900285,0.0,-353.15887,6.4151106,537.23755,40.707634
146,2.976356,3.379144,0.8526023,0.024078382,8.12229928774104,5.333085635157257,0.45567122604563237,6.785959117363605,1.0,0.0,0.0,0.8820053978837823,0.0,-265.46286,6.259273,180.35626,44.240982
147,2.8791306,3.2911627,0.78597045,0.021598207,10.495719087255022,3.0869482265883987,0.4441665570729571,5.9755519504314405,2.0,1.0,0.0,0.9586271567238782,0.0,-438.9643,6.24594,610.878,43.057224
148,2.6677585,3.2806191,0.6712094,0.015119533,6.508383625964861,5.86210721682453,0.5795884549394807,5.834749381069094,3.0,-1.0,1.0,1.0381485112184035,0.0,-358.58865,8.958454,325.17776,43.395645
149,2.3939972,3.2644253,0.66531897,0.019050632,11.84515868949128,3.5319489573389626,0.549765163822437,5.718209569671617,1.0,-1.0,-1.0,1.0062845652667454,0.0,-281.7719,8.85431,336.88208,40.425495
14,2.657366,3.3034172,0.8592226,0.016733417,11.293549477628689,6.145492261625106,0.7572262776268534,5.2795806174565625,0.0,-1.0,0.0,0.8887594967615392,-1.0,-328.94183,8.347722,189.71309,43.7165
150,2.486917,3.280638,0.6213272,0.015234324,12.695111725757714,5.07359326449926,0.42267865208262506,6.508180479202295,2.0,0.0,1.0,1.1280576487813159,1.0,-457.20862,6.5803742,239.79625,42.761673
151,2.427347,3.2558677,0.8144349,0.016026821,9.17018620080141,2.9022001938163,0.38438979687002245,6.180601684679292,3.0,-1.0,0.0,0.6886118584946721,0.0,-377.26428,6.57564,172.80717,43.458366
152,2.0103295,3.2909422,0.75718814,0.016606549,8.073396500745751,3.5367192144873254,0.4016289250966078,5.946852384103422,3.0,1.0,-1.0,0.941117518924149,-1.0,-383.53738,9.166809,202.90529,40.77754
153,3.1437945,3.394307,0.7030802,0.018270185,10.880483966566327,4.410365664833079,0.632440406216295,6.5192707799493625,0.0,1.0,-1.0,0.8054856435578038,0.0,-508.2462,6.315639,224.95398,43.7182
154,2.5088556,3.331259,0.8485373,0.016200077,5.023052563239025,3.7279622623447537,0.6331776617985554,5.167304892726632,3.0,-1.0,0.0,0.7142922191936085,0.0,-376.91974,7.8081727,382.69815,43.803596
155,2.5995011,3.1993816,0.7851202,0.022524038,11.464569700215742,3.325575388927917,0.6714566898025509,6.685587709238428,1.0,-1.0,-1.0,0.9539206380464559,1.0,-207.09789,7.934085,316.1048,43.79183
156,2.6295388,3.3464496,0.85226065,0.01833088,11.163612615993221,4.63212324694326,0.40545124395892745,6.881929251623065,1.0,0.0,-1.0,1.1568509253212724,1.0,-323.56335,7.3763514,223.23306,42.72392
157,3.1009746,3.3421137,0.8147094,0.023294736,4.815399262415223,3.1210793833144876,0.4374505437508863,5.200222803423146,3.0,-1.0,0.0,0.9441317851734066,0.0,-259.07108,7.037704,115.96289,42.40601
158,2.2066455,3.2758133,0.7995344,0.016005991,10.996547991028509,6.009906303515541,0.2901948074195828,5.44383103140025,2.0,-1.0,-1.0,0.7188067610129725,0.0,-390.75632,7.64928,249.84637,42.847702
159,3.0776772,3.3263688,0.7759867,0.015093563,10.354365173827524,5.558267643487125,0.6078692901557516,5.29302638716147,3.0,-1.0,1.0,1.0076835249625158,0.0,-334.71777,6.9800453,62.08102,44.784584
15,2.9025853,3.2740078,0.6959155,0.0236034,5.436852550984255,5.903763280628513,0.3203439393394988,5.509784406468694,1.0,0.0,0.0,1.1413618762380804,0.0,-402.2744,6.5494003,578.881,43.278194
160,2.4048033,3.3265471,0.6819617,0.016603576,7.9546135054826,4.214471660617977,0.478060681796226,6.564683158508908,2.0,-1.0,-1.0,1.0091410274779868,0.0,-213.99039,11.727514,138.25435,42.045494
161,2.7504587,3.3246813,0.7462425,0.015581562,8.414142302270438,4.661059641511726,0.5897367129580058,6.9011046559770275,3.0,1.0,0.0,0.9357919683831191,0.0,-452.95108,7.5253496,171.32343,42.764076
162,1.8711144,3.3147848,0.69836956,0.0147121055,6.198685867008741,5.9561377921971435,0.5904148013157796,6.195163447823443,2.0,1.0,1.0,1.0741281039566892,0.0,-399.7386,10.119466,208.51683,41.69614
163,2.7773693,3.3175492,0.50551176,0.025291711,9.014510567620086,3.5017983160475596,0.2984535280576711,5.984079924558802,3.0,1.0,1.0,0.7845931020783593,1.0,-600.11505,9.155254,928.8284,43.792564
164,3.5842288,3.3362265,0.6497011,0.018536022,7.256925525280192,5.673696141346735,0.25313932248734694,6.491989794906379,3.0,1.0,-1.0,1.0042530438318722,1.0,-349.75003,9.463783,161.39865,41.111664
165,2.473823,3.2630155,0.5587622,0.016845787,9.697782266882855,5.024891132797447,0.6194723040386848,5.41234028827171,2.0,1.0,1.0,0.8931253761556002,-1.0,-330.5689,10.069453,241.34015,43.392647
166,3.0940833,3.348986,0.86159253,0.021210982,7.56916808217416,4.325334103711434,0.4931023860270311,6.039085817618789,0.0,0.0,1.0,0.9847671777282287,0.0,-366.52258,5.7223096,297.77106,42.380806
167,2.5835338,3.3202684,0.72011954,0.021483798,9.105546530499842,5.996785440107445,0.6970200561146267,6.236068930069205,0.0,0.0,0.0,0.8803892187184098,0.0,-250.33423,6.909011,115.235344,42.692734
168,2.5703907,3.3722873,0.8831127,0.018412668,11.6223410394962,3.4052531511649247,0.6014156750759982,6.82473286023694,1.0,-1.0,0.0,1.121187750355621,1.0,-282.17212,6.107159,114.84952,42.698162
169,2.2213151,3.286345,0.64958364,0.015415673,12.953119271760547,4.329305556137919,0.5975293715253996,6.479129549628166,0.0,-1.0,1.0,0.939236506125624,1.0,-533.8081,11.08075,397.26602,43.769737
16,2.0083728,3.316954,0.8802135,0.020773863,6.430369696730297,6.603730553147017,0.6515745943375519,5.498846214795543,3.0,-1.0,0.0,1.2662045495234318,0.0,-321.07397,5.803586,261.02817,41.820927
170,2.7075903,3.30122,0.7262502,0.018121898,4.682018423636825,5.826885531282819,0.5068074515825889,5.889357820219412,0.0,-1.0,-1.0,0.8225040379718189,-1.0,-563.28394,5.2252946,298.58057,41.969517
171,2.2897544,3.3165972,0.7930631,0.01707278,6.978227053959002,6.310229803077224,0.3399900045120472,5.1480169712311925,0.0,1.0,1.0,0.6860984964342676,1.0,-390.4251,6.006296,317.79208,41.548847
172,2.614391,3.3264554,0.77839524,0.020463921,8.205293240881376,3.9302572539946876,0.3966396384604507,5.626856737219441,0.0,0.0,-1.0,0.8812351876913723,-1.0,-329.4716,6.0765567,236.82892,42.4326
173,3.3166604,3.3647885,0.82516646,0.020181714,6.751739176846304,3.9868668360446393,0.4941493578766516,6.923667171659326,2.0,0.0,-1.0,1.262850184810864,0.0,-356.70087,7.0632915,277.25998,44.289
174,2.337912,3.3845675,0.8107627,0.02145603,9.262659883613335,2.7209859530776654,0.46017229766688483,6.165031746395911,1.0,0.0,1.0,0.8480180435447832,-1.0,-589.3625,6.463422,473.93805,41.981537
175,2.4109342,3.3440554,0.7701434,0.018597623,11.688668393604685,3.5846077577088034,0.3156677300069445,5.586885995900411,3.0,-1.0,1.0,1.3038178896006962,0.0,-377.84222,6.549484,482.8703,41.9667
176,3.0246499,3.3163471,0.72962826,0.021022668,5.932018175562741,5.712373103892852,0.40686403028168194,6.0680611287634365,1.0,1.0,1.0,1.3002774795963585,-1.0,-496.7887,6.117262,318.76196,44.2116
177,2.765935,3.2902396,0.7839866,0.023468563,10.520952387471711,3.1702245251009304,0.4534739773008234,6.14650937943181,0.0,1.0,-1.0,0.9013357229000635,-1.0,-354.17035,6.750376,415.54327,44.412415
178,2.3167841,3.283572,0.73835987,0.015868578,11.965063352308267,4.3432480776831754,0.49135654597114337,6.791915780086991,2.0,-1.0,0.0,1.0331615729010313,1.0,-412.78244,6.6309843,194.03076,44.32165
179,2.697748,3.3545868,0.8616826,0.026227146,11.252670034794624,2.5839135669223507,0.5956949519185579,5.707214908435927,1.0,1.0,1.0,0.6672202273479885,1.0,-235.70879,8.819777,515.29443,41.441547
17,1.9318367,3.334092,0.5920849,0.01774613,12.38692656225243,6.187665371880499,0.4342258835015399,6.603200466299882,0.0,-1.0,-1.0,0.9965620162841069,-1.0,-505.90738,8.134551,331.43347,42.443504
180,2.373477,3.2906032,0.58478415,0.01616591,4.836836189875748,2.2667680134657164,0.5186031330045796,6.341402346568686,2.0,1.0,1.0,0.8614740957870758,0.0,-615.33923,6.473804,351.12967,44.20197
181,2.511331,3.33014,0.85251266,0.014747673,7.974487467855098,6.429665757259479,0.4282311240322714,6.7965159541262326,0.0,-1.0,-1.0,0.8654235603827575,1.0,-357.37485,10.144715,212.08992,44.459335
182,2.589721,3.299085,0.74995947,0.014136022,8.287161180895563,5.847388044293986,0.3000107592466269,6.696452292713186,3.0,0.0,1.0,0.864928577729277,-1.0,-449.85565,6.0930142,65.38212,44.568836
183,2.1471293,3.3208477,0.758002,0.012665606,4.999999913584134,5.155412325341448,0.5110366007902932,6.856102890456367,1.0,0.0,-1.0,1.1459884069268167,1.0,-411.92593,5.4782424,97.28909,44.701218
184,2.7896366,3.294431,0.711188,0.0197033,7.094014860159229,5.587304203193017,0.33086794785841955,6.450262821459068,0.0,-1.0,-1.0,0.790285341642576,0.0,-432.3687,7.32816,228.4762,41.104977
185,2.2425656,3.240625,0.7347327,0.015934747,7.8169243140114935,4.969788286346276,0.66543838910502,5.860166604340612,0.0,0.0,1.0,0.7551184607944844,-1.0,-339.2251,6.9215126,226.46361,42.283222
186,2.2038321,3.2925553,0.86891085,0.018035142,9.083353123351586,3.892256185369466,0.26357317233970334,5.315136144369427,2.0,0.0,-1.0,1.0972033565859431,-1.0,-324.567,7.254829,314.9532,42.112377
187,2.7016215,3.34081,0.7601314,0.022334743,10.507208013742185,3.4452490354759213,0.5426599481700145,6.897903106864867,2.0,-1.0,1.0,1.003460761141346,1.0,-450.69943,6.3973775,469.75092,40.83389
188,3.3842738,3.3115797,0.5920474,0.02702327,9.61615478354464,6.184696263995325,0.5622158247005586,6.428162565180133,2.0,0.0,-1.0,1.0680305064011268,0.0,-398.44827,6.8183174,448.36603,44.619778
189,2.7461143,3.2948377,0.86263394,0.020141317,10.892088885648503,6.5313873371139906,0.4635892469363959,6.803958665558967,3.0,-1.0,0.0,0.869252288453701,-1.0,-188.08942,5.892312,62.770782,41.340874
18,2.9376264,3.2993612,0.7286332,0.019106295,9.39499459155193,4.1386441369447695,0.5931239182900921,6.677343941798611,1.0,1.0,1.0,0.9787594268695992,-1.0,-362.86288,5.4256306,121.6475,42.18065
190,2.5701616,3.3055522,0.70018,0.018877326,13.002466442933544,2.711867792405507,0.44285451736018294,5.246425057111181,1.0,0.0,-1.0,0.7985556314705757,0.0,-488.35794,7.913553,351.01706,41.827736
191,2.874069,3.340292,0.56708765,0.02623651,9.91485217510023,6.621731315367556,0.6086064899339447,5.915057263406323,3.0,-1.0,0.0,0.9475845802794178,0.0,-379.06723,8.969928,317.36334,40.707153
192,2.5514157,3.3159668,0.6595012,0.01891694,10.470411216939926,4.509678318825042,0.4741637889997164,6.0539036365945496,0.0,-1.0,0.0,0.9571443899312212,0.0,-657.7714,7.181872,355.74426,40.452168
193,2.4631543,3.360499,0.7720736,0.017800247,9.918975662112933,4.537206042839864,0.43974754440855446,6.69268032176978,3.0,1.0,-1.0,1.326092952512183,1.0,-279.65628,10.202866,277.54163,41.584675
194,3.0927155,3.3030138,0.5827065,0.027516948,5.204518813629138,3.8321074486733258,0.44506022002839124,6.97517310143715,3.0,0.0,0.0,1.1813709232816234,1.0,-385.70297,8.053186,596.3052,43.484356
195,2.0241196,3.3132486,0.71682423,0.015482666,5.642620891217997,4.826420285450054,0.6677624421422725,6.271502232579832,1.0,1.0,0.0,0.8627987253784613,0.0,-404.7233,6.930906,84.90447,44.78138
196,2.385513,3.2654412,0.73642373,0.017847309,6.270970244211121,5.423770887016139,0.33649215016611556,5.248385657606682,2.0,1.0,-1.0,0.9931935497083065,0.0,-414.48465,5.1223516,251.0397,40.285706
197,2.8453808,3.3265712,0.86081785,0.017006677,5.120798209416642,4.956822946711577,0.6255707673867885,6.498182776442643,1.0,0.0,0.0,1.3134181371122169,-1.0,-453.89417,5.739449,238.91458,43.21575
198,2.766618,3.3000247,0.6918036,0.018327037,6.217312152661458,4.8725757462366355,0.6065423668226544,6.016905992684789,0.0,-1.0,0.0,1.0997587891120664,1.0,-348.78745,10.090644,257.19998,42.73789
199,3.3792355,3.3770163,0.59224397,0.025749525,11.905169756294843,4.844003835570284,0.5157842176137373,5.937212850544892,2.0,0.0,1.0,1.2307588580051694,0.0,-398.53348,5.6504936,305.89056,42.71038
19,2.4733405,3.3244972,0.8554171,0.021729397,12.809340638904558,4.432712776965281,0.5924346169197937,5.658311099310557,3.0,0.0,-1.0,0.8772734733819395,0.0,-262.67056,5.151033,182.88446,40.644344
1,2.2945356,3.388119,0.7850808,0.018344203,12.880264902493911,3.333279271834089,0.7436664904625252,5.359238227672447,3.0,-1.0,0.0,1.2370559526302334,-1.0,-345.08533,10.219924,267.6614,40.285652
200,2.9699497,3.3776424,0.74331087,0.016755048,9.075533024973364,2.787213378182618,0.6451251331301819,6.441679208750122,1.0,1.0,-1.0,0.905037071015211,1.0,-467.23053,6.1332803,173.84595,43.851917
201,2.7080348,3.3885808,0.8333879,0.020370629,11.982370934340008,6.576550456274564,0.4746922706059763,6.457767719159299,2.0,1.0,1.0,1.086661719540613,1.0,-313.0836,6.7787724,180.58821,41.61164
202,2.5020244,3.3432724,0.81385857,0.018909074,5.484420639008155,2.9509228779878045,0.5908848392001101,5.844770482853033,1.0,-1.0,1.0,1.0785997857158902,1.0,-341.45587,7.113254,144.79913,40.53788
203,2.2398293,3.2865677,0.77091503,0.016622,4.859759092824394,4.814834819936427,0.314622447188333,5.655503048530708,1.0,0.0,1.0,0.828348683083538,0.0,-362.99786,7.921804,293.63412,42.101562
204,2.5652943,3.3440173,0.71030396,0.02715281,7.054545212527569,3.663379528059875,0.41052203580941893,5.5247733535367765,2.0,-1.0,-1.0,0.80904141613536,1.0,-407.94415,5.4112196,552.4904,43.58331
205,2.1511564,3.2506402,0.758847,0.014974178,11.55398592798381,4.487034053209876,0.40007753273105207,6.7009543414429595,2.0,1.0,1.0,1.218748690473186,1.0,-250.92853,8.726329,83.479904,42.692467
206,2.598277,3.3746257,0.712735,0.016807104,6.247234935631588,2.3552362966799505,0.30251502809432307,6.312940640088237,0.0,-1.0,-1.0,1.1686886145288735,-1.0,-500.59402,7.7576437,242.20035,41.99476
207,3.1070592,3.3258007,0.6827784,0.02698417,9.784612137159597,5.386410408347487,0.370814546281631,5.263014121750528,0.0,-1.0,0.0,0.9761316917461564,0.0,-286.79526,7.3039436,424.42392,44.083282
208,2.9166012,3.3396852,0.8772607,0.015795715,12.275220518733521,2.931922271499577,0.7260497000762134,5.328365303332786,1.0,-1.0,1.0,1.0001072963488464,1.0,-334.22012,6.918171,275.8865,43.945023
209,2.7996957,3.238528,0.75782496,0.021135187,9.324875722405464,3.457141284663977,0.2385128909841847,5.207996479860216,1.0,0.0,0.0,1.1540879433584044,0.0,-354.2292,6.4899664,354.99368,42.19892
20,1.9089727,3.3539948,0.9001223,0.017095134,12.978619267934532,5.732447720912369,0.36423086834003393,5.886864442175629,2.0,0.0,1.0,0.9989567780295979,1.0,-365.7202,8.994978,238.1402,40.822815
210,2.7392697,3.2815468,0.78013796,0.015753126,10.582849148301865,4.002878602891494,0.5317137890908236,6.134829067694563,0.0,1.0,1.0,1.0763239786824261,0.0,-389.79544,11.510496,227.3423,44.330856
211,2.0500083,3.332243,0.77620965,0.0149255935,10.247367738515663,4.841714821157061,0.5242097005263999,6.136380356265552,0.0,0.0,1.0,0.6804493141977013,-1.0,-363.14114,6.2326603,110.39055,41.105225
212,2.8221035,3.313187,0.55801827,0.020534942,10.678633399504655,6.386624693051194,0.5680640441707272,6.18874939721676,2.0,0.0,1.0,1.0523398585475137,0.0,-411.6769,7.3025484,239.73993,41.591152
213,3.0922904,3.2952745,0.6094036,0.019795176,6.826897746715171,5.684334908760591,0.3785746556291771,6.377777027298952,0.0,1.0,1.0,0.9220265497473938,-1.0,-215.60815,11.178215,123.31746,43.124176
214,2.2914722,3.3109124,0.8184173,0.019740717,10.731555478656757,6.1396027680589205,0.2580615752734794,6.000070745513577,1.0,1.0,-1.0,1.1520632109139106,0.0,-372.7007,5.421279,296.7368,41.591576
215,3.0031648,3.2999935,0.834185,0.017125282,12.026787275526566,5.245064060636268,0.5274290125287201,6.53507595106782,2.0,-1.0,1.0,0.8204655098186349,-1.0,-339.05255,8.448975,317.3734,44.15888
216,2.8725193,3.2780268,0.75803393,0.018644644,9.873522999756617,3.7492304775136147,0.41456932158762605,6.176140655485026,3.0,-1.0,-1.0,0.8571940301879541,0.0,-261.12906,8.011185,184.60356,42.71659
217,2.4668593,3.2213013,0.78403413,0.018953854,7.516018908107473,3.847151497362078,0.7205328961853924,5.876884912052842,1.0,-1.0,0.0,1.0494097843171837,0.0,-328.41916,6.836666,427.29202,43.32071
218,2.1593027,3.3282518,0.8949749,0.013389049,7.485768548433937,4.655463627050618,0.7274630076067841,5.829032353574499,3.0,0.0,0.0,0.9180122846708466,0.0,-298.9234,6.710291,71.864876,43.303085
219,2.4783072,3.2832556,0.7861717,0.021873452,5.280492817549178,6.041314871852346,0.3901998343795535,5.953573687505354,2.0,0.0,1.0,1.2737514752512258,1.0,-168.96341,7.535242,122.86154,43.90963
21,2.8154566,3.2655594,0.6987637,0.018387876,12.176936790350833,4.386436622959037,0.36057275046319537,5.775525305238288,3.0,1.0,-1.0,0.9701072274624482,-1.0,-331.42462,6.331222,187.84834,44.445274
220,2.4730642,3.2726636,0.5976262,0.018432712,8.086325358573866,5.962847817236469,0.7356093138638437,5.447661280916201,3.0,-1.0,0.0,1.210552235616943,-1.0,-483.43997,5.6667376,324.8714,42.885315
221,3.072021,3.3145158,0.5247867,0.020750055,10.933069608019755,5.1358736241173775,0.3623720969451044,5.532679629806738,2.0,1.0,-1.0,1.242375421084078,-1.0,-441.1275,7.3114405,309.7973,42.574036
222,2.0966272,3.3265858,0.7736253,0.01632761,4.641380343297112,6.473107799660731,0.5539767868680333,5.0186011131618296,1.0,1.0,-1.0,0.7030329235158878,1.0,-273.66748,9.809661,278.30685,44.472286
223,3.0086696,3.2558675,0.6217873,0.023466583,11.388148958636215,4.181326548136649,0.7170851778076877,5.838308620726778,3.0,-1.0,-1.0,0.7959394053281994,0.0,-398.51273,5.8524947,288.03482,41.149776
224,2.6782694,3.3494127,0.92645925,0.01948581,5.1357908479441585,4.865926507323995,0.3427992739769775,6.86215163381468,2.0,1.0,0.0,0.8794869231505056,1.0,-337.80417,6.3007555,341.51465,41.579567
225,2.605198,3.382128,0.86123586,0.02509595,9.935580980883254,6.376031614070522,0.6126572049334786,5.456742750322275,2.0,0.0,1.0,0.958187637295351,-1.0,-328.1059,6.594378,621.1353,44.311066
226,2.7005684,3.2244186,0.66971767,0.019013356,11.926908881683534,3.267115409452279,0.5217969440558827,6.296881189390446,2.0,0.0,0.0,0.9375121899727052,-1.0,-339.52466,7.108192,160.74767,42.334114
227,2.4794946,3.302203,0.74445134,0.013931679,10.008363409600074,6.014546702551999,0.30935364012044314,6.870733860868512,0.0,-1.0,-1.0,0.7349808030568954,1.0,-291.22275,9.139355,113.1582,43.019024
228,1.9490356,3.3566585,0.85729426,0.01748505,6.625146039935027,5.838092192236774,0.3777159451728424,6.954887962538084,1.0,1.0,0.0,1.0453416438297667,-1.0,-306.18887,9.55038,196.45549,41.10196
229,1.9046463,3.335849,0.66025287,0.017654516,8.990023203237293,3.6061290660662806,0.6498666582802377,5.182488154237091,0.0,-1.0,1.0,0.6962485584149083,-1.0,-388.18713,9.910031,240.68321,41.026295
22,2.6780834,3.323818,0.76526755,0.020008987,10.845596547954099,2.73633972712945,0.38495160683518803,6.278163727108884,2.0,1.0,1.0,1.1064601892965666,1.0,-347.0905,7.8611684,319.923,43.89257
230,3.1001623,3.3062754,0.58727264,0.02266606,6.663391743874943,5.415325842986224,0.5515288692508742,6.4450087893970816,3.0,0.0,1.0,0.9780166534151444,0.0,-317.79562,6.57245,218.95872,43.82778
231,2.7784562,3.2858696,0.7725084,0.024200844,10.067364997119942,5.313306537733174,0.430427254333874,6.653030704084245,3.0,1.0,1.0,0.8330704653782048,-1.0,-404.67838,5.417458,506.72006,44.753494
232,3.099374,3.402815,0.7836371,0.022604998,8.043426600186427,5.456490499271509,0.4419764929533626,5.721124367454021,3.0,-1.0,0.0,1.1323096696778288,-1.0,-254.86163,9.901986,208.00505,41.75055
233,2.5775697,3.3513758,0.8173847,0.01850904,7.942996320550479,4.418726941376259,0.505059069660756,6.568748588730111,1.0,0.0,1.0,0.7642283443207714,1.0,-384.88013,5.639869,110.05414,40.994293
234,3.17071,3.3235579,0.75192803,0.021129286,12.101928089362678,4.519336797531983,0.7074259276460351,5.196771879776749,0.0,0.0,0.0,0.785462085662217,-1.0,-261.498,10.487366,232.37596,43.119957
235,2.486283,3.3816435,0.91906774,0.015161754,11.09955416352255,6.341655650451979,0.5702335059472396,5.339429955125136,0.0,-1.0,1.0,0.9938619257744128,1.0,-455.93945,5.4915504,56.88163,42.40147
236,3.1226234,3.304636,0.6890674,0.023493743,6.529044571816694,3.3502939723962966,0.5303359366991639,5.607650754354108,0.0,-1.0,1.0,0.8113547229722753,-1.0,-335.47113,5.289979,46.71129,40.943913
237,2.2209184,3.384878,0.8448576,0.014211371,6.549011734822876,6.361596366742404,0.663326744647326,5.650574477550647,1.0,0.0,1.0,1.1218973398238594,1.0,-422.6374,7.556164,79.600555,43.136246
238,2.007246,3.2151105,0.7473466,0.01395,9.531466200972721,2.526613813599892,0.7470867530153634,5.78917928765532,0.0,1.0,0.0,1.329918880749886,0.0,-355.46777,6.4915953,105.67466,42.877098
239,2.9485614,3.3266103,0.8462106,0.019179564,5.866875027353207,2.674526648294088,0.4214053248751528,5.8482154958630925,1.0,1.0,-1.0,1.107744894792,-1.0,-371.38275,6.0756774,406.87857,44.680786
23,2.4971142,3.330698,0.7196426,0.01904928,11.05597671837605,6.561645522474361,0.7546821595051056,6.634461710474879,1.0,1.0,-1.0,1.197859373314956,1.0,-355.92667,8.723488,242.29037,40.876167
240,2.398551,3.3121393,0.6878757,0.019165805,6.132505310419276,5.752011723696155,0.37411104254603933,5.738962535607144,0.0,0.0,-1.0,0.9758883527040779,0.0,-434.1384,6.3389244,422.97324,41.970028
241,2.4586427,3.3344674,0.62487274,0.014112226,11.723047320427709,2.4614066528019123,0.6548192125908121,5.883184357679856,1.0,-1.0,-1.0,1.1968336751443047,-1.0,-634.2902,5.8223763,177.84283,43.291622
242,2.783619,3.2982144,0.8998225,0.01999098,4.600371329787783,4.195834748362903,0.7590030142168859,6.579428954351714,3.0,0.0,0.0,0.8413405532438589,-1.0,-380.38257,5.9495163,173.30438,41.856743
243,2.4706986,3.3612528,0.86683637,0.018930089,9.413049716125446,2.6819330348829458,0.35516689910913496,6.795026524167104,3.0,1.0,-1.0,0.7536961038982857,1.0,-357.86078,10.046859,325.91776,42.176758
244,2.7831337,3.295288,0.64894617,0.020633738,12.452353003066216,3.3929174069785755,0.3177688570219219,6.745030863866869,3.0,1.0,-1.0,1.2083148245857764,-1.0,-217.27306,9.540564,183.77997,44.390697
245,2.890721,3.27998,0.8202897,0.019887261,12.255562521873138,6.635256725436098,0.4773249152366424,6.84782125920496,3.0,0.0,1.0,0.8351256933904511,-1.0,-266.7427,7.130452,190.44078,43.69163
246,2.7689257,3.2615855,0.70941305,0.021685258,7.888726800106853,6.030914494844551,0.5347267657411351,6.234925801925441,2.0,1.0,0.0,1.0199183196335837,-1.0,-560.5431,6.9658527,363.8812,43.312763
247,2.714663,3.3352208,0.6787173,0.019393234,12.05108131404415,5.06635589357807,0.4984844836250775,6.709778269112941,2.0,0.0,-1.0,1.0618630206926845,-1.0,-350.6906,8.669091,173.96931,40.93503
248,2.6245565,3.3141813,0.7578574,0.018682191,8.968829466997555,3.204592337509527,0.38726495602182187,6.924523329056526,2.0,-1.0,0.0,0.871574643971645,1.0,-307.48965,5.551452,200.265,42.917713
249,2.6445932,3.2971349,0.8662733,0.018108541,5.746950342757758,4.702655255277295,0.3655890397948001,6.264492055052331,0.0,0.0,0.0,0.8269312850844962,0.0,-419.42422,11.023044,370.0467,41.230816
24,2.8356354,3.2944875,0.72858536,0.018602423,5.230804908673556,3.282292071106442,0.5604408097626875,5.796916576071772,0.0,1.0,0.0,1.2062427821351187,1.0,-378.56967,5.8431654,273.7408,44.479237
250,2.7479756,3.3482761,0.68683547,0.02221692,5.058040105453664,3.625625853623756,0.38146969152194105,6.667488024063539,3.0,0.0,1.0,1.1168428164917756,1.0,-483.00888,6.9612904,331.0423,40.520744
251,2.9533875,3.3232267,0.7191937,0.01918968,9.246935452228245,3.901500086269415,0.3272244081964537,5.612102319385089,2.0,0.0,-1.0,0.8907529072861754,1.0,-336.15094,9.961138,271.86972,42.078106
252,1.8108857,3.261447,0.80507934,0.017196417,10.943679981769057,2.560967360151423,0.45024871649979653,5.487108594688185,3.0,1.0,1.0,0.8443437270492862,0.0,-265.767,8.622469,237.99948,41.20156
253,3.0592537,3.3395536,0.7270344,0.026390368,5.602886383780039,3.1646061834323462,0.49482593458534535,5.3724877187450435,2.0,0.0,-1.0,0.9560381636313444,0.0,-326.39548,5.6006203,568.17975,40.52623
254,1.9674414,3.3100421,0.8043076,0.014405264,6.38076892612491,6.236872574681691,0.659511347236316,6.6376817467296405,3.0,0.0,-1.0,1.0373923683476016,1.0,-303.30704,9.162909,164.63734,42.752544
255,1.9851303,3.3198283,0.8659839,0.018133517,8.231398486148123,5.030383029629294,0.5093037088384483,5.674841201887061,3.0,1.0,-1.0,1.2025081853228516,-1.0,-309.44562,5.2702384,276.6344,42.769157
256,2.6988964,3.306673,0.63938266,0.01549639,8.025126836477229,3.8063234599601805,0.5572632350057517,6.106457945458743,3.0,1.0,0.0,1.2675198029632588,1.0,-504.81406,5.784789,146.13286,42.61841
257,2.2398798,3.2942703,0.84395087,0.019629812,9.840415961632743,5.526794584734746,0.3062039076345183,6.258172042945112,1.0,-1.0,-1.0,0.9404577047042282,1.0,-222.1037,6.899178,137.86542,43.351402
258,2.7593062,3.3362372,0.8048687,0.026500978,6.032307431619539,3.3188619868493743,0.2468439033267314,6.060437387071498,2.0,0.0,0.0,1.0226621858367642,1.0,-166.24069,7.2255964,344.4881,44.83983
259,2.6178687,3.384104,0.79046166,0.021306042,6.162562389086571,4.545576539487927,0.3525834808816573,5.117827359196858,1.0,0.0,-1.0,1.0878665568179697,1.0,-417.80774,8.48377,609.78937,42.276577
25,2.9775352,3.3086107,0.8458169,0.0155,6.418133717253869,3.0211487974690896,0.4847837147929132,6.087080164384506,0.0,-1.0,0.0,0.763864987128428,1.0,-472.4627,5.641093,234.15915,44.65314
260,2.9793217,3.3249202,0.8079233,0.026501957,4.404807212204509,5.463638925303687,0.5761624161606032,6.044860505222227,3.0,-1.0,0.0,1.193339658969799,-1.0,-428.65942,6.187971,648.2115,43.186996
261,1.8899776,3.2556334,0.72146106,0.017531937,4.687798720699269,2.9759350231907975,0.5225141518191625,6.331491869711325,2.0,1.0,0.0,1.0143129691040458,0.0,-397.36996,6.7725196,232.2165,43.61306
262,2.735702,3.2941525,0.778046,0.02003288,6.833452166795131,3.791333036321061,0.46663364679739056,5.397986965659757,0.0,0.0,1.0,0.926593821073938,0.0,-334.32904,8.890564,220.72296,41.864674
263,2.8332171,3.342471,0.8975041,0.018785417,5.517246802132416,3.4421090036384894,0.41162485505835855,5.540622949898293,1.0,-1.0,1.0,0.9747494226822242,1.0,-330.8564,5.3808312,208.31549,43.37587
264,2.6872025,3.2935169,0.7163227,0.0154022,8.180224213751059,3.2741644296678807,0.3314617762863412,6.980326160157885,1.0,1.0,0.0,0.9721770264122931,0.0,-381.27356,5.438041,141.53516,42.633545
265,2.8029196,3.2990522,0.77314746,0.01943822,10.832898171471117,6.489807179342304,0.46268605065287394,5.047784336113934,0.0,-1.0,0.0,1.103052494306171,1.0,-413.80627,8.780008,252.26044,41.590122
266,2.9396944,3.1811526,0.74602354,0.021720376,7.508155085502591,6.444041658108732,0.4238182162751425,5.307447841434307,3.0,0.0,1.0,1.1250288271928142,1.0,-321.76834,5.456451,287.39578,43.092007
267,2.4709945,3.2572007,0.79838073,0.025152892,6.372044061588562,4.850616480538113,0.5250758298121199,5.209230481623232,2.0,-1.0,0.0,1.1043231916031577,-1.0,-374.00757,5.417387,705.89246,42.193905
268,2.2047958,3.3244002,0.81725967,0.01880714,5.367980929780419,3.9470809816282584,0.7366013762954494,5.75017630101429,2.0,1.0,-1.0,1.090963672387757,-1.0,-323.9879,8.082338,224.49113,41.002377
269,2.745398,3.288744,0.76858336,0.01657177,4.767158850859651,3.7342889585591537,0.4461420442174534,6.933734999658143,2.0,1.0,0.0,1.2983467579458408,-1.0,-451.21954,6.095045,198.37883,42.295036
26,3.0176845,3.308954,0.7007604,0.022514014,10.765045215658835,5.59412604900484,0.440586127756067,5.065952314024534,3.0,1.0,-1.0,0.7791869412283448,0.0,-379.42636,7.0395374,341.93896,41.090958
270,2.2365823,3.294767,0.9025069,0.017399594,13.066865163046648,6.326399239007476,0.5407132807980972,6.030342850443764,3.0,0.0,0.0,0.9545833166165894,1.0,-209.07663,7.7889047,90.01587,42.80149
271,2.9454143,3.28584,0.6977997,0.01655743,9.048844197640987,5.2752227742535895,0.6818250196986074,5.592588333592399,2.0,0.0,-1.0,0.8174369374232174,0.0,-423.54498,6.000771,59.380035,43.959126
272,3.1672454,3.2833457,0.75779486,0.020338481,8.612042617084807,3.912944149374385,0.3909952038496281,5.6969643979788875,3.0,1.0,1.0,0.8960220440055029,-1.0,-463.72586,9.017681,461.5582,42.481346
273,2.5613463,3.2932968,0.8307467,0.013679593,6.894933570059905,2.6372328492603105,0.2936580835309124,6.957740460386256,2.0,-1.0,1.0,1.1661828831703644,1.0,-275.17743,10.678693,68.52428,44.558712
274,2.2760086,3.2562242,0.6739123,0.016670715,12.49418947303616,5.97274093585944,0.2971174341493228,5.734746954673622,0.0,-1.0,-1.0,1.3067872326925922,0.0,-380.15897,6.94196,133.08861,41.708405
275,2.6417842,3.314555,0.75075513,0.016363915,6.77911727746028,4.35035328051036,0.463766509062329,6.609399541993676,2.0,-1.0,0.0,1.1752283009284568,0.0,-321.0763,7.05964,71.07455,42.6172
276,2.5084608,3.3829973,0.8338881,0.01657498,6.4829747883541575,4.895826307654445,0.618470674862285,6.1035089653258146,2.0,1.0,0.0,0.9666810051484275,1.0,-496.21655,6.4049783,373.76547,44.199387
277,2.697195,3.2880816,0.7956799,0.013230519,12.015823164049708,3.8096022261545177,0.3475031687088364,6.6055491661438355,0.0,0.0,0.0,1.1482682871251022,0.0,-426.36185,7.1885533,133.19943,44.311577
278,2.093828,3.249915,0.738621,0.013922827,11.02216810389031,5.703111844849575,0.34650970276513016,6.892594869680903,2.0,-1.0,0.0,0.9609715875317155,-1.0,-393.91544,5.6735134,102.07672,42.876244
279,2.8633392,3.2505524,0.76538134,0.021449931,6.044663996360022,3.780245387403589,0.40378534196029475,5.4903508777059935,0.0,-1.0,0.0,0.9007455833035892,-1.0,-369.63046,5.484289,246.91565,41.640415
27,2.6209404,3.2643163,0.7193164,0.02412431,13.108052167968621,4.528353211480672,0.23954546020863088,5.961586708558619,3.0,-1.0,1.0,0.8853763510028981,-1.0,-321.47876,5.027464,314.47705,41.739094
280,1.9654572,3.376341,0.7913879,0.016936237,6.923319705640198,5.615583769761832,0.35930048767082456,5.439095958039172,0.0,1.0,1.0,0.9827847474988154,-1.0,-385.58844,7.340773,270.87387,40.956482
281,2.8160167,3.347829,0.7298749,0.016856499,10.553931082133625,5.220672273322992,0.623518779864318,5.571009615278185,2.0,0.0,1.0,1.2472987441497867,-1.0,-537.8666,5.7969475,259.02866,44.699394
282,2.5307825,3.3236785,0.829131,0.01988282,9.60241624119763,6.159473252492168,0.5738369520900723,5.801267703566707,1.0,1.0,1.0,1.2288053763104914,0.0,-363.48056,6.3446383,286.7213,42.130024
283,1.9882232,3.2888494,0.68804264,0.01358387,8.791195513811445,5.574406008211088,0.6291313187954032,6.766940476257331,1.0,0.0,-1.0,1.036055573761574,1.0,-417.41977,7.192789,294.6036,44.19918
284,2.2230923,3.272977,0.77737975,0.016922515,12.604947640716135,4.295753448920219,0.5939597893291683,6.280247335168383,1.0,-1.0,1.0,0.9629165557070242,0.0,-261.93448,7.5658207,241.08907,40.37079
285,2.7180727,3.3216364,0.8540127,0.02009954,11.211375058863911,6.707110003432832,0.7519686640354523,5.145972630927408,2.0,1.0,1.0,0.952257183496289,-1.0,-433.44803,6.084269,349.15152,40.715694
286,3.0009768,3.3170104,0.6811529,0.01993689,7.713042891826147,5.775314876787105,0.26011068397651105,5.02593529041843,2.0,1.0,-1.0,0.7889811592017175,-1.0,-408.11716,6.040132,153.58664,42.625576
287,2.135134,3.3003047,0.66415995,0.0148595795,8.56275275621612,2.3698940550921863,0.4830429761137422,5.401099225382072,0.0,0.0,-1.0,0.7819291338104986,0.0,-405.1692,9.282053,209.41147,42.02095
288,2.8779786,3.3053486,0.6106868,0.022230146,10.70989368807341,4.084317485977677,0.48865536260565773,6.712656365012782,0.0,0.0,1.0,0.7998306953920451,-1.0,-303.1034,9.376514,192.42079,43.172077
289,2.4280305,3.335276,0.80539,0.0217642,8.137004929715125,5.260326629489791,0.5363106892014399,6.833032176736216,1.0,-1.0,1.0,0.9738216756744318,1.0,-318.19016,8.008774,333.37668,40.560093
28,2.985287,3.2480135,0.7222221,0.018926868,9.037856828243289,5.32688365708332,0.6389658667660942,5.599782869747205,1.0,1.0,0.0,0.9229453349940864,0.0,-318.94305,6.6277156,115.959755,43.563602
290,2.1324074,3.2427726,0.83905536,0.018618284,13.029404564247185,5.095988931746038,0.6948456833535822,6.905648594636879,0.0,1.0,-1.0,0.8340704423445416,1.0,-394.0157,5.2789574,243.23528,41.246357
291,2.3155537,3.2914762,0.7194552,0.022551637,5.2689151130500225,4.101168884327078,0.41263147284932433,6.484439378563329,3.0,0.0,1.0,1.2235012871353654,-1.0,-378.39893,5.122635,457.21518,40.55514
292,2.7651513,3.3713627,0.7821173,0.021435611,5.302381474274864,2.807838034778409,0.6895283534801274,6.404288005672652,1.0,0.0,-1.0,0.8975117756942073,-1.0,-222.30467,11.04861,129.38295,40.716103
293,2.0302355,3.3059092,0.7447926,0.0140223345,7.397568761502545,3.298462502019345,0.361752304165229,6.727864258358671,1.0,1.0,-1.0,0.9612432850959061,1.0,-427.21185,6.497578,286.49594,44.191418
294,2.6636488,3.2775295,0.57684565,0.0212771,13.15437432771252,6.056166185485285,0.5789454512383496,5.41179694914353,0.0,-1.0,-1.0,0.8102558503031144,1.0,-408.624,6.8849015,314.35056,41.20124
295,3.132592,3.3185673,0.7138684,0.019536491,10.203155029769581,3.905616627033554,0.4718075531709266,5.168203417901218,2.0,-1.0,-1.0,1.0188866572263988,0.0,-245.83153,7.142908,197.09653,42.910843
296,2.2741551,3.2780719,0.7330724,0.01470819,5.5310417547180295,3.619643912324194,0.4657751516352534,6.1308770434168425,1.0,1.0,0.0,1.0612252091642558,1.0,-326.2002,9.93128,249.37811,42.886326
297,2.2387516,3.276298,0.678343,0.019083764,7.250081403161148,5.355967572983167,0.6803851748441734,5.970349059443063,3.0,1.0,1.0,0.6775017024376979,-1.0,-327.16446,5.584872,319.54214,43.524826
298,2.9835913,3.342465,0.8954616,0.018164646,7.400302510407179,4.79390963522382,0.5310465403168869,6.748548079306882,3.0,0.0,-1.0,0.7477333536279024,-1.0,-347.97546,7.994853,281.64633,41.046906
299,2.6215324,3.2540312,0.5681455,0.01633743,7.531621894357049,3.9718672639246506,0.2944606761628618,5.5556788186519395,1.0,1.0,0.0,1.2174227572648149,1.0,-590.60724,5.9581103,286.12305,43.750248
29,2.8499353,3.3811455,0.7527502,0.017562585,8.568794054718662,5.050444709537301,0.6825069751028261,5.591227771659715,3.0,-1.0,0.0,1.1037201800029315,0.0,-525.1183,10.152675,296.7172,42.267357
2,2.4882948,3.2885067,0.70530754,0.019993236,4.884437167281652,5.3219231844467805,0.4083841147028308,5.645018373963367,0.0,-1.0,0.0,1.0590734933536015,1.0,-400.7219,5.784343,187.61215,40.663002
300,2.2083225,3.2923188,0.64396167,0.019087717,12.915908289677173,4.38115613887623,0.7304792044497754,5.867529246086057,0.0,-1.0,0.0,0.750721071310757,-1.0,-448.2327,8.145165,224.69893,40.954388
301,2.7786345,3.3446095,0.6244942,0.017049741,5.41200934724219,5.368048964829651,0.7338461973744325,6.433394769948557,1.0,-1.0,0.0,0.7247047505173363,1.0,-311.96698,11.008167,54.32192,42.615746
302,2.700564,3.2572606,0.60880613,0.01592473,4.7312131243600195,5.602572227472125,0.4617291114446251,5.124244964469205,3.0,1.0,-1.0,0.91525349264102,1.0,-411.8753,8.179977,49.535564,43.038506
303,2.3106563,3.3123832,0.6815545,0.016196031,12.221099161115596,5.019677942588347,0.48987186564067225,6.9972092561770545,0.0,1.0,1.0,1.1477548311148615,0.0,-269.34232,11.76535,103.19595,41.713234
304,3.2118928,3.3415136,0.818564,0.016365586,8.915980725365497,2.84151404198347,0.4960947741274148,5.483826509030752,2.0,-1.0,0.0,1.1352067936454442,-1.0,-372.62598,6.38662,161.62233,44.010414
305,3.183638,3.308679,0.85870975,0.02144594,7.291900564627344,5.6236358822488866,0.2832865939821203,6.706371139211945,2.0,0.0,-1.0,1.1141655881969132,0.0,-266.67236,9.349502,303.4661,43.946957
306,2.2408252,3.2982936,0.64670885,0.016740538,9.57452425814447,3.699100886878395,0.2703075393828289,6.759641767419038,2.0,-1.0,1.0,1.2016808289497267,1.0,-336.74106,11.223312,273.58667,42.813545
307,1.7572739,3.2752314,0.8037617,0.016168458,6.447533086226254,2.9051661440355283,0.4569866214999596,5.898076440881345,1.0,0.0,0.0,1.172632995021318,-1.0,-434.9657,5.4564767,355.87598,40.12505
308,1.6456661,3.3660154,0.85545135,0.015564813,6.190360106831979,4.036970994691609,0.3975476927569535,6.225233144245079,1.0,-1.0,0.0,0.9956114308919606,0.0,-241.66367,9.050669,281.06332,42.768436
309,2.290088,3.3258631,0.75340873,0.022064941,9.487706731870048,4.399151137551352,0.6171579759796595,5.009147656425622,0.0,-1.0,-1.0,1.1655884922141506,1.0,-344.30136,7.8834667,349.90924,40.91899
30,1.9900678,3.33452,0.67460674,0.016670527,11.589742351078874,6.174145205570153,0.30745552043777763,6.287618805806735,2.0,0.0,-1.0,1.0110991929634197,0.0,-525.96576,5.621853,158.0504,41.52259
310,2.2506058,3.3175685,0.70264983,0.014080445,11.305942334024353,4.109073357800249,0.4538488797987609,6.734438227949415,2.0,1.0,0.0,0.8879909857946109,1.0,-399.84708,8.112027,125.50825,42.867935
311,1.8996706,3.292825,0.6514134,0.01427291,12.459851479113178,4.997708133345468,0.5686181016907395,5.474587035407684,0.0,1.0,1.0,1.0238260012800158,0.0,-326.09567,10.148944,221.6029,44.550343
312,2.8216548,3.284185,0.680041,0.020398036,10.62728103913732,3.9517016315038327,0.35739254837777507,5.431222555341233,0.0,0.0,-1.0,1.2901941614728105,1.0,-250.07666,9.535087,213.63635,41.32338
313,2.5726545,3.3123703,0.7337846,0.014932514,10.374763558699339,5.6597657976803415,0.4352969930347186,6.658483210772792,1.0,-1.0,0.0,0.9818336435074565,1.0,-356.3984,7.5766354,36.018837,42.90612
314,2.0277777,3.352771,0.76594037,0.01875999,5.812842119991517,6.217323785769123,0.2844058828806346,5.501981259082505,3.0,1.0,1.0,0.7872902544475668,1.0,-398.90076,5.9417562,272.7266,41.813793
315,2.1367993,3.3392184,0.6670019,0.013642121,12.225882529767357,6.6536713645912595,0.3888069221117624,6.5037812795413235,3.0,0.0,1.0,1.232749125664768,-1.0,-409.66913,9.21424,179.77432,43.767166
316,2.7850232,3.2474153,0.60604,0.01732441,9.236146116482978,5.236927264974452,0.5075824801156154,6.230615370297501,1.0,-1.0,1.0,1.184976908057902,-1.0,-446.11606,5.7106953,139.4123,43.65055
317,2.1542373,3.3173296,0.5497271,0.015319602,5.339461131911311,6.46384148573155,0.29220539410478275,6.94622715644891,0.0,0.0,0.0,0.8702155327055564,1.0,-405.75476,11.193582,236.16028,43.48549
318,2.2193449,3.2674894,0.6716738,0.018016255,7.0996734274281685,5.916434496974913,0.28029648877066893,5.779522395910146,1.0,-1.0,0.0,1.227703669595861,1.0,-329.9341,8.914869,251.38535,41.972744
319,2.4313838,3.3523407,0.8315416,0.017963327,7.635688005182404,5.644038206967465,0.3224953023635878,5.178804194414069,2.0,-1.0,1.0,0.7303653183961689,1.0,-116.4533,12.167355,254.64995,43.799496
31,2.4161546,3.2443233,0.8226387,0.01257895,10.854907487314197,4.2754679049436755,0.407962847314227,5.747901483321825,0.0,-1.0,0.0,1.0546733484599815,1.0,-452.15143,6.48796,192.28125,41.968403
320,3.1330457,3.327948,0.7221507,0.019082028,11.81311790792223,3.0150595473718944,0.5720454897117193,5.758913524392961,0.0,1.0,1.0,0.9159794496363167,0.0,-353.73215,6.4756055,215.08224,42.770462
321,1.8505175,3.299622,0.63046575,0.016109623,10.162622530586143,5.470529324011386,0.43103870759295243,5.26822892288188,1.0,0.0,0.0,1.2719885967780118,0.0,-477.51044,7.738971,255.29854,43.912815
322,2.2868247,3.336717,0.80442435,0.019272871,10.081247667665792,3.6511279833973145,0.4809205603851306,6.730653953235366,2.0,-1.0,1.0,1.0347124752623629,0.0,-400.77515,6.414062,433.00485,41.009296
323,2.2419415,3.2490828,0.6717917,0.015409559,11.1417871118098,5.04711794599686,0.4592179159675985,5.948964216443486,0.0,1.0,0.0,1.0474843352049827,1.0,-455.54288,7.208851,325.50397,43.704456
324,2.9500675,3.3334126,0.7917107,0.018863745,7.588874876640067,3.711851640036449,0.5581990633193975,5.03278938513726,0.0,-1.0,1.0,0.9799668488849584,-1.0,-499.3604,8.46429,343.24033,41.894386
325,2.7186863,3.3421032,0.79467434,0.026151977,10.598955186544917,4.566758910904631,0.5058190293860112,6.942205247496267,2.0,1.0,-1.0,1.3191828033534099,1.0,-375.25568,5.294959,709.4742,42.076595
326,2.7890365,3.287573,0.7371691,0.016272832,7.8048187930736805,5.504252041992947,0.39541795416174413,5.544917942630743,2.0,-1.0,-1.0,1.145236518907269,0.0,-341.01053,11.785278,216.21063,42.366512
327,2.1064124,3.343787,0.718087,0.013816329,7.973189509604399,5.342684368623519,0.581305307159445,5.191362541153298,1.0,-1.0,-1.0,1.2226778200098916,-1.0,-463.47037,6.387394,167.05815,44.531628
328,1.7540271,3.3446805,0.9028364,0.013412473,10.299623579397991,3.194327822446706,0.2667906967522306,6.219479253179703,0.0,-1.0,-1.0,1.0735523369865898,1.0,-335.84412,6.916724,188.05713,42.927166
329,2.871666,3.3457897,0.57088023,0.024956346,8.253987260790232,4.3193333101177345,0.7243458021727885,6.754033607830326,2.0,1.0,1.0,1.0644199903098033,-1.0,-586.2131,11.542467,854.49,42.01594
32,2.5977707,3.2465618,0.73466665,0.017438048,10.190778218552733,4.054156822231077,0.3936495053285825,6.123500126467338,1.0,0.0,-1.0,1.041003354353475,0.0,-261.179,9.577578,164.11803,44.524376
330,2.2678025,3.3552,0.7386265,0.016862001,9.473961246228859,5.39304820962748,0.4361203077533845,5.102904533334857,1.0,1.0,0.0,1.2380881011478975,-1.0,-287.5239,6.982102,108.79805,41.793217
331,2.6637197,3.307924,0.79422694,0.015465897,10.118708887435949,4.465086704173201,0.35144146603175686,6.7423242986574925,0.0,0.0,0.0,0.9453227090282609,-1.0,-382.79242,6.7979302,212.55807,43.182888
332,2.057381,3.280061,0.6041636,0.0150109,5.984132888293176,4.504499354274433,0.7231389345276993,6.619181249088977,3.0,-1.0,1.0,1.3380722005109364,0.0,-481.79684,8.9493265,240.76567,43.7425
333,3.2140272,3.3328288,0.8403373,0.021209383,11.477732363719738,3.421261072692126,0.4673446262825092,6.09337245436822,3.0,-1.0,-1.0,0.9591505606319578,-1.0,-244.33766,6.837453,41.140186,44.759155
334,2.6973615,3.3017886,0.5937677,0.01740299,6.720310891685305,4.818201529266121,0.3823118202399808,5.636657038951998,3.0,0.0,1.0,0.9262318630489396,0.0,-395.84787,10.38854,224.63295,44.359997
335,2.8840878,3.28148,0.61629933,0.019392483,11.10962119746263,3.7968815529172932,0.538818544187622,6.033278134959468,2.0,0.0,0.0,0.991884714438655,-1.0,-428.49194,6.3191586,201.82468,44.282166
336,2.8489273,3.2954662,0.73365307,0.022772973,5.730498452387364,2.6051381109520704,0.637687140934595,5.252114075374379,1.0,1.0,-1.0,0.7224987041959017,1.0,-381.8252,7.8543005,349.59274,42.24091
337,1.9551706,3.289334,0.83530456,0.015970014,10.98330127048442,4.186910934982375,0.39274096309148593,5.382887341811029,0.0,0.0,-1.0,1.1929056786142513,0.0,-346.1251,5.943882,232.39243,41.48275
338,2.06481,3.3423269,0.7868828,0.016667392,9.821573060539073,4.010008465769444,0.5020786020491383,6.819606294691647,1.0,1.0,1.0,0.9876791672874012,-1.0,-290.60703,6.8321095,117.98172,41.34217
339,2.5971847,3.2736485,0.60825264,0.019326726,5.902815899075951,4.160972768537486,0.27826100671609044,6.494977856552247,1.0,-1.0,0.0,1.096632848961892,-1.0,-433.92145,7.964227,375.84528,43.699345
33,2.6917064,3.371822,0.8379063,0.018641725,4.7888867001378514,2.6538870625056186,0.5041784362059466,6.915714252195058,2.0,-1.0,-1.0,0.9198756241538494,-1.0,-444.1487,6.2853456,287.1156,41.930233
340,2.3616977,3.3252456,0.83681476,0.021685531,9.958585453365787,3.9959030947498912,0.48361798491915575,5.808650640539766,1.0,0.0,1.0,0.9885243623018215,1.0,-351.74924,6.907228,362.1841,41.357723
341,2.4879696,3.31057,0.746675,0.021231456,12.151243934723178,2.6442384266287355,0.23580532435640827,5.52025226686556,2.0,0.0,1.0,0.9973011865959324,0.0,-437.86774,7.360964,532.1281,41.024902
342,2.2261324,3.2357173,0.58405584,0.017585527,8.16276809789775,6.405730484925994,0.3257241452675984,5.319181437462056,3.0,1.0,-1.0,0.8774577394520331,-1.0,-372.69687,7.6074705,154.55286,42.940125
343,2.374263,3.2858245,0.6046237,0.018590365,10.414331772406637,4.3649832018513735,0.319387369778066,6.108542041921727,3.0,0.0,0.0,1.1153043142716654,0.0,-404.17938,8.034233,236.9829,40.581024
344,3.1193259,3.3233447,0.64326805,0.018213399,9.869454755948624,3.5799632324948862,0.6349265248475882,6.6244301635103575,3.0,1.0,-1.0,0.7770052852569183,-1.0,-479.0114,8.125854,172.14073,41.338467
345,2.1383834,3.3748767,0.80630106,0.01624308,12.611546688507975,4.588675156245321,0.7109899943276475,5.303154037402348,2.0,0.0,1.0,0.6930649533242005,-1.0,-306.70728,11.008933,165.18207,42.870075
346,2.845127,3.3144462,0.6616636,0.019400904,9.3143343882437,4.912003682819698,0.3014796087228336,5.264326456861392,3.0,-1.0,-1.0,0.7461692439730448,1.0,-149.44673,9.497715,205.03543,43.32907
347,1.9718632,3.334833,0.85997975,0.012286009,8.593994724580073,2.386792499297395,0.26459774512537726,5.726388564364511,3.0,0.0,1.0,0.7161496238083058,-1.0,-552.33997,8.034014,205.70047,43.80298
348,2.6462605,3.3605528,0.7768561,0.015221477,7.6994918001825345,3.5463256444774993,0.5142594288171064,6.9089697544896715,1.0,1.0,-1.0,0.9534268588983386,-1.0,-383.1183,7.290188,80.11602,43.331738
349,2.3526008,3.3471465,0.8852248,0.0147358375,10.040573542180475,4.451968610022529,0.5799709976163991,6.023432863937154,0.0,0.0,1.0,1.1839523448262428,0.0,-444.03717,5.045027,174.19858,44.277405
34,2.890175,3.3053653,0.65599144,0.022122374,9.975115178205016,3.6103803764468463,0.30869803358730596,5.291571819511597,1.0,-1.0,0.0,1.2795723147997555,-1.0,-445.12982,5.23365,337.62885,43.633766
350,2.095277,3.2362041,0.71567565,0.010990481,11.077525332396378,6.048928777684936,0.41622421265072623,5.710367223567495,2.0,1.0,0.0,0.7665058555976649,1.0,-407.84073,8.881586,241.63007,44.16555
351,3.2103395,3.26843,0.7559996,0.023900324,5.151070049524199,6.3568321613497165,0.6931374551069599,6.599827464391421,3.0,1.0,-1.0,0.7695954751300977,1.0,-216.29007,7.3459964,350.40356,42.694492
352,2.916307,3.3005593,0.842908,0.020751456,8.10994952493853,5.181322910417022,0.5469732570601191,6.813850324018099,2.0,1.0,0.0,0.8454840392366274,1.0,-198.85316,7.395868,176.55864,42.244137
353,2.7382667,3.3627963,0.77038175,0.022458179,10.15101294106963,5.882600633345976,0.3672720418201209,5.843289323685437,2.0,-1.0,1.0,1.0839870126158673,-1.0,-263.55945,10.078032,180.55342,42.689487
354,2.4751725,3.3383248,0.82622904,0.01761301,7.3615995114324475,3.8746311874411963,0.336842853904289,6.466649492298601,2.0,-1.0,-1.0,0.9167491444522329,0.0,-242.73262,7.571568,196.22275,41.656013
355,2.698976,3.2735574,0.7115756,0.025394356,7.168825911321508,4.269229616837814,0.678857445786698,5.8933674553006545,2.0,-1.0,-1.0,0.8941921699962764,0.0,-272.40817,9.639817,556.0828,43.31663
356,3.1891465,3.3706276,0.823064,0.01624776,5.9438127128896205,3.50573609963775,0.44581862468577216,6.043582790491635,0.0,1.0,-1.0,0.9641198648647445,-1.0,-388.74942,9.7237625,193.44028,44.652702
357,2.216959,3.3619623,0.79352516,0.01614704,9.656306960909047,3.4861052035895783,0.31273790723471695,6.879663115408762,3.0,0.0,-1.0,0.9320339354611307,0.0,-334.28217,6.072305,154.7759,43.01956
358,2.185299,3.2624023,0.7202381,0.014465401,10.313290967346468,4.013288807623995,0.48784154809131824,6.4117660372390874,1.0,1.0,-1.0,0.8300319669752897,1.0,-286.5991,8.417006,134.3119,43.84407
359,2.8043902,3.3808165,0.66270757,0.020781245,7.238698697344163,5.063396014137027,0.5380476945515418,6.780350871933127,3.0,0.0,0.0,1.028921808404288,0.0,-484.42935,9.858287,406.25467,43.665134
35,2.8200269,3.2330687,0.83488315,0.019591913,11.708143315147202,2.697782447509921,0.6606714210200717,6.985133636928401,1.0,-1.0,1.0,1.0662940125447908,1.0,-282.42096,5.4274697,141.03052,41.561424
360,2.384967,3.3094134,0.77076817,0.022315355,11.353056067409142,5.865009907235113,0.4520103861252073,5.053230680606783,3.0,0.0,0.0,1.0015328861592194,-1.0,-341.07,5.679222,596.9514,42.746487
361,2.1888201,3.2974346,0.71703005,0.0118761845,6.397189760020793,2.3430974765668875,0.457940574770097,5.4322926583845765,2.0,-1.0,0.0,0.8832005613316546,1.0,-385.72232,7.4102964,33.1201,42.568947
362,2.029404,3.2471564,0.64543235,0.014212919,6.995342614744899,4.229800018159051,0.5947606166061139,5.187119826470256,3.0,-1.0,-1.0,1.0468741271743143,1.0,-526.1431,5.0736756,343.1661,43.782555
363,2.4650526,3.3244596,0.73133296,0.018343676,9.831005675858007,2.436927227660086,0.24523540178655523,5.916651692189264,2.0,-1.0,0.0,0.9121353611354599,0.0,-418.18997,9.865528,302.46252,42.265278
364,2.3198519,3.241929,0.611901,0.01646269,9.350577894102862,5.560551606385483,0.4246078133459219,6.931377276896999,1.0,-1.0,1.0,1.2841046642419915,-1.0,-384.60257,7.813117,139.14655,44.7967
365,3.0457492,3.2472794,0.80730444,0.022493765,9.505908427073816,3.431670551088663,0.49981463865848,6.260651445426285,3.0,1.0,1.0,1.1343140669641847,1.0,-218.10846,5.4068213,309.89398,43.66177
366,2.6290421,3.3483632,0.85821265,0.016328635,7.345362377751013,3.631399352799834,0.4732642651674232,6.295572206263146,2.0,1.0,0.0,1.292700396593499,-1.0,-305.5415,10.364334,204.74077,43.968216
367,2.8653042,3.267093,0.79583645,0.019224402,5.081908984858126,4.078750889373648,0.6268795225194834,5.4228561959785,2.0,1.0,1.0,1.2597149798830805,0.0,-373.85074,6.4651155,100.03158,42.459595
36,2.5323308,3.2087822,0.619036,0.022294827,6.570772104279663,4.044282200832079,0.2892883742962834,5.574841045710118,2.0,-1.0,1.0,1.0581060500833106,-1.0,-235.01117,7.442546,88.31461,40.76073
37,2.2360778,3.2643197,0.71771574,0.013802634,5.8041331988107965,6.7372497978326376,0.363818953250604,5.807617314033749,1.0,1.0,1.0,1.0407933782696128,-1.0,-350.1262,8.015722,235.07649,43.372643
38,2.202045,3.292257,0.625731,0.014390845,6.605920122546821,4.338791928101794,0.6470390793329488,5.108988526104712,0.0,-1.0,0.0,0.8983477427019956,0.0,-375.3742,7.382269,105.985306,43.512245
39,2.6601892,3.277406,0.6354452,0.017488893,7.317214730304692,5.806062277310143,0.5361693080789189,6.481741895802427,1.0,1.0,1.0,0.7967986876387977,1.0,-499.25974,6.2138247,297.0917,43.362732
3,2.4275563,3.2823956,0.5824904,0.017218078,7.2743961367167405,5.797343894619942,0.350848843304347,5.7427513119994265,1.0,-1.0,0.0,0.6635215731680947,-1.0,-431.9305,7.0059757,164.70787,43.740025
40,3.0258985,3.3497443,0.82929486,0.014507933,9.718998680845463,4.128861546553721,0.25470124640861347,5.671674737671439,2.0,0.0,0.0,1.0800383776854037,0.0,-400.86673,7.5294905,144.64998,43.47562
41,2.3170614,3.2667158,0.6483879,0.019220203,9.987458379615614,3.3984480919586795,0.3455305178363678,6.369869687446739,3.0,1.0,0.0,0.9068834090625879,-1.0,-361.01358,8.5901575,169.61208,42.129475
42,2.1069396,3.3470943,0.6908216,0.01494773,8.946498849229828,5.899056171094334,0.31391310227512426,5.299830947051341,0.0,-1.0,0.0,1.1404972432073843,-1.0,-370.33972,9.345137,127.52105,42.079536
43,2.8499844,3.3441658,0.77747416,0.017444585,7.627244569861367,3.2961259231583733,0.28586291852035495,5.16094777611289,1.0,1.0,-1.0,1.0266166156881622,1.0,-308.32773,7.2230573,133.84518,42.0995
44,2.7288444,3.2798612,0.75552124,0.022843173,8.763259281155976,2.2860399301614254,0.6004317759626823,5.558963094958903,3.0,0.0,1.0,1.017895340576555,1.0,-274.64984,6.2146535,361.90808,40.603497
45,2.2440045,3.3329563,0.7981721,0.018212399,10.398107977341834,4.242492693111088,0.54379675349255,6.971433539723387,2.0,-1.0,0.0,1.1545171947750457,1.0,-542.5961,5.2138257,401.4435,41.23284
46,2.8441098,3.3152108,0.7587978,0.022414342,11.635825040667076,6.274402236166473,0.4486657759726086,6.187848832628589,3.0,1.0,-1.0,0.7402061520793499,1.0,-202.31673,9.302853,454.49002,44.176376
47,2.6296306,3.3519638,0.76964074,0.020572247,10.096460734004898,3.8170677219016413,0.5535286495055035,5.702099808585454,3.0,-1.0,0.0,1.0898369346635832,-1.0,-339.1472,6.9668083,251.74843,42.82333
48,2.3185322,3.2798445,0.80314106,0.023160612,6.912681443198368,4.668190538036867,0.3286303785335756,5.093377266420506,1.0,0.0,0.0,1.0568678704886338,1.0,-210.1171,7.6418314,367.3724,42.098526
49,3.159957,3.3299572,0.78448415,0.020699479,4.996961812996048,2.7658216703770355,0.5513036655949184,6.117395129251609,3.0,-1.0,-1.0,1.1226726027359317,-1.0,-413.09756,5.482916,321.17084,43.495674
4,3.0317066,3.3999505,0.8060451,0.022683894,10.81596304112238,3.9679763122059284,0.5595483102460573,6.777759244437993,0.0,-1.0,0.0,1.1629660846074705,-1.0,-273.6127,10.0244665,308.17365,41.649624
50,3.0060856,3.298577,0.6908183,0.021795096,8.318990058452066,5.738157297207294,0.669388539940288,5.506234213642875,2.0,0.0,0.0,1.226143020002412,0.0,-380.6751,6.5660853,253.40587,44.447857
51,2.683276,3.2987714,0.8366051,0.018634684,8.395048066728922,6.74644056688244,0.3886829299561003,5.071467142277451,1.0,1.0,0.0,0.8516275549707705,1.0,-311.96573,7.142874,368.40536,41.08685
52,2.4359899,3.3623233,0.6953613,0.013781448,6.784266102887638,3.368678784031801,0.42563414821933665,5.852334100472685,1.0,1.0,-1.0,0.9869692479507011,1.0,-360.58823,10.889162,156.60083,42.50025
53,2.0892198,3.329182,0.6653428,0.016780028,8.670928389198686,3.312219114902028,0.5284687487739049,6.0665666042397355,2.0,-1.0,-1.0,1.0557116719915565,0.0,-441.3951,6.214771,264.88977,43.417908
54,2.292136,3.275338,0.77373105,0.024000304,8.014436522631373,5.785178546397688,0.5150275872550121,5.623400294529845,2.0,1.0,0.0,1.0818194946198123,-1.0,-365.2347,5.6241755,361.90747,41.102093
55,2.2857423,3.2923026,0.6335272,0.013274073,7.902059279331612,4.6373306075750715,0.5712680170350801,6.205784480821802,0.0,0.0,1.0,0.9770910080829095,0.0,-432.52933,12.461151,35.349255,43.197918
56,2.332786,3.2828712,0.8335641,0.022180544,8.883702975324836,4.83408112535729,0.6438930010664166,5.037288867309616,3.0,1.0,-1.0,0.9914585056368249,0.0,-168.36018,8.299549,176.91957,41.33513
57,2.2446742,3.3525248,0.74657047,0.019457934,8.143659486883047,2.2972913799189802,0.4504254062828459,6.561500018114259,2.0,1.0,-1.0,0.8615988974856856,0.0,-415.80045,6.4448276,382.7742,41.373196
58,2.5951614,3.2247543,0.73337257,0.017568314,10.798683325978054,5.102935262405871,0.6415269613294012,5.9594283720027885,3.0,0.0,-1.0,1.083428744746434,-1.0,-265.86145,10.299064,330.72876,44.340153
59,2.3407183,3.2510357,0.8159312,0.018084586,7.038193554823321,6.681072421040898,0.512134216556701,6.961861200971301,0.0,0.0,-1.0,1.0536042169962483,0.0,-380.7942,6.491478,361.26782,42.393642
5,2.5243177,3.2883492,0.8031674,0.01857725,4.942017758088038,4.714846348040782,0.5323297417695891,6.215880123842646,2.0,-1.0,0.0,0.6544867523718236,-1.0,-278.6317,7.549439,299.66672,42.620968
60,2.3914077,3.3109422,0.7288674,0.018443048,12.645614791505638,3.1162035867259776,0.32964448364098264,6.872799140107991,2.0,0.0,1.0,0.9240399051306885,-1.0,-353.09775,7.3529925,212.56956,41.35213
61,2.3541129,3.2693806,0.59896046,0.014323775,12.719033213391404,4.725630935616742,0.3750100905716712,5.364041665418469,1.0,0.0,-1.0,1.0648529758953866,1.0,-398.48184,9.781903,153.60907,42.74953
62,2.0190794,3.3565161,0.8085392,0.016498178,7.747637978464979,4.608277441793147,0.37575076026414694,5.3503012241567625,3.0,1.0,1.0,0.7490681118482873,0.0,-391.18866,7.3545413,239.43013,43.424408
63,2.4147453,3.297867,0.74483454,0.018494207,12.19438980350389,3.2560108460121606,0.36834473005287643,6.209749701439705,3.0,1.0,-1.0,1.315420295392174,1.0,-400.6528,9.124224,383.30292,41.82441
64,3.04601,3.299969,0.6468632,0.021820188,8.793325405587984,2.964206708674336,0.7613429890761665,6.0498372416217565,1.0,0.0,0.0,0.803437343273463,-1.0,-312.60953,7.979494,219.11209,42.52394
65,3.0006697,3.2397108,0.66320074,0.018687287,7.138663884369151,6.075467648490583,0.6986549952495439,6.612758264070075,0.0,0.0,0.0,1.205326357954038,-1.0,-339.11652,9.0332575,226.06355,42.720963
66,2.9527333,3.319207,0.7883443,0.026233185,9.76341696432436,3.3620607245383325,0.5833299021886968,5.006666114619656,3.0,1.0,1.0,1.1947567266160988,1.0,-405.02112,7.556411,664.5487,42.062172
67,2.90558,3.309794,0.62663496,0.023226658,8.542544393523334,5.932916160147465,0.24340099533006843,6.243000312264847,1.0,1.0,0.0,0.9112411126172069,-1.0,-376.129,8.99502,383.9148,42.26825
68,2.611228,3.3009036,0.6851034,0.015633585,11.190486270381324,3.9204318601119916,0.46921586964143436,5.002388412337321,2.0,0.0,0.0,0.8182452837931422,0.0,-412.364,6.7618103,153.42113,42.95326
69,2.307586,3.2954137,0.7940473,0.019637266,12.132261609163887,2.6216992978916123,0.6684825989813414,6.077649404439687,3.0,1.0,0.0,1.3080422489772905,1.0,-351.18692,5.5286026,187.18362,42.657757
6,2.2187154,3.2933075,0.73143756,0.025003789,5.1888906152337215,2.5441805206746837,0.6860018063269666,5.468135828856436,0.0,0.0,-1.0,0.6506820434338503,0.0,-204.93796,9.250493,559.7119,42.33708
70,2.2352035,3.3058393,0.5877838,0.017940471,11.667894438424831,4.19424035728845,0.5549061967424102,6.124970396233229,1.0,-1.0,1.0,0.6917428880867762,0.0,-566.25256,9.326636,293.61917,42.67725
71,2.8026166,3.2699425,0.45953828,0.024908803,9.113634192346334,4.029710573611464,0.7392023368659811,5.819975540440942,1.0,-1.0,-1.0,1.168100714042131,1.0,-467.1301,7.105524,480.69574,44.364914
72,2.2797914,3.2779984,0.7792085,0.015565271,7.8617759812629595,3.7225419109321036,0.75099899480104,6.592889960766211,2.0,-1.0,1.0,1.3339419449918481,0.0,-377.36597,7.076352,135.60706,43.43899
73,3.143149,3.4145944,0.76013446,0.023946758,6.962750652858824,3.769197549625851,0.35368635831581285,6.1592943546665975,2.0,-1.0,-1.0,0.9088078457863041,1.0,-246.69002,12.693363,530.15027,44.793083
74,2.5756803,3.258748,0.7118223,0.016639441,8.243035168447946,6.118187976213966,0.29565647828858277,5.5814075564589265,3.0,0.0,1.0,0.8905025857532918,0.0,-464.29425,5.4195943,197.18968,41.581757
75,2.8333843,3.2841363,0.777601,0.018208982,11.547291347424334,3.1476614954182294,0.49685946134402426,6.645428278487994,1.0,0.0,-1.0,1.0420175004206422,-1.0,-304.45163,6.73101,199.78577,41.769466
76,2.9358,3.3418124,0.85851204,0.019959299,10.95810891826019,5.081753890001441,0.4795984819193416,5.258126109671581,1.0,-1.0,1.0,1.1096925804564224,0.0,-254.903,6.8270435,312.5717,43.64057
77,2.4516392,3.2537026,0.6982909,0.015131043,5.465459791808576,4.279117806786654,0.46971651723024455,5.994587631716647,3.0,1.0,1.0,1.3203286137982628,1.0,-437.47495,6.1362486,200.51964,42.673496
78,3.0094824,3.2801688,0.6795442,0.020540059,6.746193236658931,3.033295144213795,0.6612498616929867,5.15375796207731,0.0,0.0,0.0,1.0712813452762298,1.0,-405.85574,8.157687,504.94778,44.211483
79,2.5183911,3.3297832,0.80724764,0.024067616,10.124427534891247,3.4608850405292793,0.3952279274813699,6.30863815481656,3.0,1.0,-1.0,0.9494656136188837,1.0,-308.61813,6.8398657,287.1367,43.70338
7,2.6924198,3.2619224,0.79235226,0.01863256,10.024268366980879,5.201347496688159,0.6735374881346067,5.52939206736124,1.0,-1.0,-1.0,1.287496918264112,-1.0,-251.3971,7.232255,83.93313,44.107082
80,2.8465145,3.3000612,0.63613504,0.019435225,8.491433484483368,2.990419990110791,0.4514282307483264,6.0053392935014305,3.0,1.0,0.0,0.9039078381097807,1.0,-271.61493,10.90259,240.62964,43.302315
81,2.4436524,3.2848136,0.67057294,0.017731532,7.574228223933777,4.570744377477475,0.409612430057066,6.358106581486974,1.0,-1.0,-1.0,0.8048626371341745,0.0,-401.01007,9.585549,241.81352,42.83284
82,2.8897753,3.3617828,0.8273516,0.020551726,10.370382873128445,3.348276434695513,0.3443341432036674,5.679340527773997,2.0,0.0,-1.0,0.9686804675838049,-1.0,-320.42682,8.251431,293.4412,44.39267
83,2.1503396,3.2728531,0.61718625,0.021367284,7.6933023227050095,6.121810734453983,0.5258177212790079,5.2219811104549505,3.0,0.0,1.0,0.9808333132866912,0.0,-507.91904,5.9744577,553.2087,43.325947
84,2.5719233,3.3246267,0.80759186,0.01896136,6.254565697444918,5.255696903275092,0.5574555425859834,5.8706854478433,0.0,1.0,0.0,1.0068906967551317,0.0,-296.97003,7.5894513,201.06859,40.850494
85,2.726825,3.3502645,0.7846787,0.01897261,6.588190911677138,5.16774601454919,0.5291895072904185,5.874388989754448,1.0,1.0,0.0,0.9834456519959245,-1.0,-371.69608,8.378179,119.88129,43.171635
86,2.5640388,3.2820275,0.74199414,0.022707552,7.99274322637017,3.6600882366444814,0.5879529952697936,6.8488217407076935,0.0,1.0,-1.0,1.1762913199272265,-1.0,-401.5066,7.221784,404.95847,41.050694
87,2.528069,3.301195,0.70886517,0.01669728,10.284264111709915,4.861668296412797,0.6840292206993914,5.231833556932709,3.0,0.0,1.0,0.7935060147504701,1.0,-276.49127,9.487247,119.87515,42.63636
88,2.5939035,3.3317509,0.7904889,0.023063863,12.392270581487825,5.492781693102469,0.5479614849825025,6.891689043858522,3.0,1.0,-1.0,1.2142880150686208,1.0,-222.75092,6.6426506,504.73718,41.607788
89,2.7364743,3.3512387,0.716913,0.019628162,5.836759548848242,5.53780231822868,0.7400437152994325,5.2359417255293845,0.0,1.0,0.0,0.9368979781065828,1.0,-336.82642,9.879627,192.62134,43.838833
8,2.4448717,3.283719,0.8353772,0.013769337,6.053996773574862,3.250928310813946,0.7067600362132551,6.661398504041767,2.0,1.0,-1.0,1.1196202337734924,1.0,-354.85876,6.477092,74.09428,43.53896
90,2.4387388,3.2902136,0.56576866,0.017715441,6.349412205540984,3.1839669471723053,0.26834763956291874,6.811481946399499,3.0,0.0,1.0,0.7716085077522261,-1.0,-453.0315,7.4526615,325.12814,42.724625
91,2.4048758,3.2303982,0.5414989,0.020650359,8.33199632886259,4.404100564042236,0.3665695564830057,6.547331486229855,2.0,-1.0,1.0,1.3454578807861528,-1.0,-362.6732,7.774669,182.01695,43.144867
92,2.8246183,3.3084486,0.66600966,0.018923694,10.1807952242076,3.8854884172536694,0.7492196745763916,6.527386080148377,3.0,0.0,1.0,1.002094172680207,1.0,-404.8926,7.3733444,281.79556,43.767864
93,3.1153352,3.296595,0.7573857,0.016490638,8.907926884917135,3.869080510466583,0.27561260811972627,6.472450701868906,3.0,0.0,0.0,1.027548471989018,0.0,-338.57828,6.3144994,39.73621,43.038116
94,2.0096815,3.3151288,0.71924055,0.0161563,9.299756926275094,5.009140791549112,0.5849922022466357,6.220443351277622,2.0,1.0,-1.0,0.6608766812054334,0.0,-321.81854,6.217952,180.9175,41.0381
95,2.8163295,3.3411617,0.82919455,0.025648,5.326235671056551,3.563575283216735,0.7030910745449329,6.591397924167304,1.0,1.0,1.0,1.0364085319565843,0.0,-357.01395,8.180622,561.89954,42.305527
96,2.8918602,3.3223414,0.6729982,0.019092197,5.685381486205859,6.267091019768615,0.611524546229335,6.8408773346324585,1.0,0.0,0.0,0.6993536433816352,1.0,-319.20084,10.706255,245.17058,41.912212
97,3.1077828,3.2828822,0.744937,0.022365846,10.645964780390836,2.7941276252281355,0.5165441859966242,6.09645675448558,2.0,1.0,1.0,0.874441547852831,1.0,-247.13492,8.687568,486.0641,42.203564
98,2.7721705,3.2156358,0.69625044,0.016331512,12.429639409008756,6.089583308140157,0.5330877853364109,6.540222105608873,3.0,0.0,-1.0,0.9210629919117816,1.0,-514.7021,5.144854,270.09406,43.676285
99,2.3670814,3.317813,0.76001287,0.013810015,8.664949652289517,3.1061609248427886,0.4291367819534775,6.0803557057107955,1.0,0.0,0.0,0.8542284512282792,-1.0,-294.48102,9.503787,79.012634,44.296753
9,3.1380928,3.3056235,0.70033115,0.017038913,11.496466443925742,2.317161043139906,0.5403628971287364,6.014005593572348,3.0,0.0,1.0,0.9907184424903207,-1.0,-462.29935,6.8887496,57.41083,43.59774
